timeOpen;timeClose;timeHigh;timeLow;open;high;low;close;volume;marketCap;timestamp
"2023-11-30T00:00:00.000Z";"2023-11-30T23:59:59.999Z";"2023-11-30T07:12:00.000Z";"2023-11-30T14:50:00.000Z";29.9937079336;30.2509257013;29.8378590525;30.1725350412;43386864.21;348877236.08;"2023-11-30T23:59:59.999Z"
"2023-11-29T00:00:00.000Z";"2023-11-29T23:59:59.999Z";"2023-11-29T09:22:00.000Z";"2023-11-29T15:17:00.000Z";30.0129872194;30.3973927351;29.5649138619;29.9924132228;50311961.4;346756572.57;"2023-11-29T23:59:59.999Z"
"2023-11-28T00:00:00.000Z";"2023-11-28T23:59:59.999Z";"2023-11-28T17:34:00.000Z";"2023-11-28T06:01:00.000Z";29.7865932973;30.4546785472;29.197380913;30.0133465366;45725099.84;346960535.35;"2023-11-28T23:59:59.999Z"
"2023-11-27T00:00:00.000Z";"2023-11-27T23:59:59.999Z";"2023-11-27T00:43:00.000Z";"2023-11-27T20:50:00.000Z";30.7776846977;30.9542585451;29.1559470893;29.7873949588;51798352.01;344310854.94;"2023-11-27T23:59:59.999Z"
"2023-11-26T00:00:00.000Z";"2023-11-26T23:59:59.999Z";"2023-11-26T00:54:00.000Z";"2023-11-26T16:37:00.000Z";31.129419297;31.1933529092;30.2882459004;30.7812343651;48972529.4;355759629.99;"2023-11-26T23:59:59.999Z"
"2023-11-25T00:00:00.000Z";"2023-11-25T23:59:59.999Z";"2023-11-25T16:07:00.000Z";"2023-11-25T00:12:00.000Z";30.1256766178;31.1821254702;30.0643427524;31.1261325886;44278622.5;359702821.31;"2023-11-25T23:59:59.999Z"
"2023-11-24T00:00:00.000Z";"2023-11-24T23:59:59.999Z";"2023-11-24T17:34:00.000Z";"2023-11-24T00:16:00.000Z";29.6155794122;30.4515303243;29.5627576443;30.1258416235;48248193.64;347981278.05;"2023-11-24T23:59:59.999Z"
"2023-11-23T00:00:00.000Z";"2023-11-23T23:59:59.999Z";"2023-11-23T09:04:00.000Z";"2023-11-23T15:59:00.000Z";29.1693825512;29.7850261943;29.0296197394;29.6160643039;50522489.9;342055531.2;"2023-11-23T23:59:59.999Z"
"2023-11-22T00:00:00.000Z";"2023-11-22T23:59:59.999Z";"2023-11-22T21:32:00.000Z";"2023-11-22T00:01:00.000Z";28.1664255268;29.4766351152;28.0893058167;29.1722753737;63843985.76;336892658.82;"2023-11-22T23:59:59.999Z"
"2023-11-21T00:00:00.000Z";"2023-11-21T23:59:59.999Z";"2023-11-21T01:50:00.000Z";"2023-11-21T23:04:00.000Z";30.7179748215;31.1966292653;27.996907954;28.1734485238;57254476.92;325322032.82;"2023-11-21T23:59:59.999Z"
"2023-11-20T00:00:00.000Z";"2023-11-20T23:59:59.999Z";"2023-11-20T17:58:00.000Z";"2023-11-20T00:35:00.000Z";30.6405111528;31.22636825;30.4717906045;30.7267624088;49251913.14;354766691.38;"2023-11-20T23:59:59.999Z"
"2023-11-19T00:00:00.000Z";"2023-11-19T23:59:59.999Z";"2023-11-19T23:49:00.000Z";"2023-11-19T01:34:00.000Z";29.8870354607;30.6669303564;29.3864533503;30.6421429595;46216825.37;353750903.85;"2023-11-19T23:59:59.999Z"
"2023-11-18T00:00:00.000Z";"2023-11-18T23:59:59.999Z";"2023-11-18T00:01:00.000Z";"2023-11-18T07:07:00.000Z";30.6981564117;30.7431313709;29.2594944778;29.8857466631;46907802.91;344981070.25;"2023-11-18T23:59:59.999Z"
"2023-11-17T00:00:00.000Z";"2023-11-17T23:59:59.999Z";"2023-11-17T02:31:00.000Z";"2023-11-17T16:07:00.000Z";30.6395311991;31.3018212921;29.6835841971;30.6937955245;50277338.08;354270151.15;"2023-11-17T23:59:59.999Z"
"2023-11-16T00:00:00.000Z";"2023-11-16T23:59:59.999Z";"2023-11-16T07:07:00.000Z";"2023-11-16T19:39:00.000Z";32.2629012071;32.5956661466;30.1545952392;30.6404058897;61888508.08;353614576.14;"2023-11-16T23:59:59.999Z"
"2023-11-15T00:00:00.000Z";"2023-11-15T23:59:59.999Z";"2023-11-15T20:04:00.000Z";"2023-11-15T00:00:00.000Z";30.9170516149;32.3599719361;30.9170516149;32.262169995;57808904.73;372290515.76;"2023-11-15T23:59:59.999Z"
"2023-11-14T00:00:00.000Z";"2023-11-14T23:59:59.999Z";"2023-11-14T09:01:00.000Z";"2023-11-14T18:55:00.000Z";32.1488639533;32.4880573692;30.3729329381;30.9121572872;56137819.7;356672511.17;"2023-11-14T23:59:59.999Z"
"2023-11-13T00:00:00.000Z";"2023-11-13T23:59:59.999Z";"2023-11-13T01:19:00.000Z";"2023-11-13T21:37:00.000Z";33.6762063812;34.2308112648;32.0504763569;32.1517831789;66712680.23;370935016.88;"2023-11-13T23:59:59.999Z"
"2023-11-12T00:00:00.000Z";"2023-11-12T23:59:59.999Z";"2023-11-12T23:09:00.000Z";"2023-11-12T01:13:00.000Z";33.1036529384;33.9093321141;32.0093893778;33.6737529619;60222177.47;388451823.03;"2023-11-12T23:59:59.999Z"
"2023-11-11T00:00:00.000Z";"2023-11-11T23:59:59.999Z";"2023-11-11T20:52:00.000Z";"2023-11-11T04:32:00.000Z";32.0973142432;33.1894325087;31.3033772135;33.1035519907;58848547.76;381832230.92;"2023-11-11T23:59:59.999Z"
"2023-11-10T00:00:00.000Z";"2023-11-10T23:59:59.999Z";"2023-11-10T22:11:00.000Z";"2023-11-10T14:32:00.000Z";30.4579495104;32.2562407871;30.336064674;32.0990316612;64357538.29;370204539.52;"2023-11-10T23:59:59.999Z"
"2023-11-09T00:00:00.000Z";"2023-11-09T23:59:59.999Z";"2023-11-09T15:53:00.000Z";"2023-11-09T20:42:00.000Z";31.426569413;32.5343453331;29.1840715213;30.4613600746;88178468.11;351275154.89;"2023-11-09T23:59:59.999Z"
"2023-11-08T00:00:00.000Z";"2023-11-08T23:59:59.999Z";"2023-11-08T19:19:00.000Z";"2023-11-08T00:41:00.000Z";30.9130752766;31.6625310412;30.7248228427;31.4273266328;48381550.52;362377858.42;"2023-11-08T23:59:59.999Z"
"2023-11-07T00:00:00.000Z";"2023-11-07T23:59:59.999Z";"2023-11-07T08:53:00.000Z";"2023-11-07T17:08:00.000Z";31.0887825602;31.7104226853;30.2074523057;30.9137323412;56231464.37;356417322.6;"2023-11-07T23:59:59.999Z"
"2023-11-06T00:00:00.000Z";"2023-11-06T23:59:59.999Z";"2023-11-06T23:04:00.000Z";"2023-11-06T05:32:00.000Z";30.451642273;31.2439671992;30.0675587565;31.0886818655;51788651.52;358394896.12;"2023-11-06T23:59:59.999Z"
"2023-11-05T00:00:00.000Z";"2023-11-05T23:59:59.999Z";"2023-11-05T17:47:00.000Z";"2023-11-05T00:00:00.000Z";29.8129243562;30.6930469033;29.8129243562;30.4516110245;56626270.24;351011544.5;"2023-11-05T23:59:59.999Z"
"2023-11-04T00:00:00.000Z";"2023-11-04T23:59:59.999Z";"2023-11-04T23:10:00.000Z";"2023-11-04T01:37:00.000Z";28.9652411708;30.0114702363;28.865125448;29.8151698572;47294807.53;343637942.64;"2023-11-04T23:59:59.999Z"
"2023-11-03T00:00:00.000Z";"2023-11-03T23:59:59.999Z";"2023-11-03T16:13:00.000Z";"2023-11-03T01:22:00.000Z";28.6175681883;29.0368047039;27.9221719226;28.9648179041;44086438.36;333800325.28;"2023-11-03T23:59:59.999Z"
"2023-11-02T00:00:00.000Z";"2023-11-02T23:59:59.999Z";"2023-11-02T01:31:00.000Z";"2023-11-02T16:34:00.000Z";29.9365848463;30.2401355599;28.3655364811;28.6176616436;56344140.79;329763688.61;"2023-11-02T23:59:59.999Z"
"2023-11-01T00:00:00.000Z";"2023-11-01T23:59:59.999Z";"2023-11-01T22:06:00.000Z";"2023-11-01T12:29:00.000Z";29.3675258116;30.1948423747;28.4184405253;29.9357691193;54304136.16;344914460.66;"2023-11-01T23:59:59.999Z"
"2023-10-31T00:00:00.000Z";"2023-10-31T23:59:59.999Z";"2023-10-31T01:55:00.000Z";"2023-10-31T15:19:00.000Z";29.4647303749;30.8285711969;28.8784032021;29.3675125066;58643204.86;338330077.01;"2023-10-31T23:59:59.999Z"
"2023-10-30T00:00:00.000Z";"2023-10-30T23:59:59.999Z";"2023-10-30T21:43:00.000Z";"2023-10-30T08:05:00.000Z";28.6121535675;29.4731582833;28.3169001255;29.4613763852;48954372.35;339373811.59;"2023-10-30T23:59:59.999Z"
"2023-10-29T00:00:00.000Z";"2023-10-29T23:59:59.999Z";"2023-10-29T22:52:00.000Z";"2023-10-29T04:07:00.000Z";28.4452562041;28.8236093871;28.210879671;28.6173452101;42069769.32;329614893.99;"2023-10-29T23:59:59.999Z"
"2023-10-28T00:00:00.000Z";"2023-10-28T23:59:59.999Z";"2023-10-28T21:40:00.000Z";"2023-10-28T00:04:00.000Z";27.6526959173;28.5381966561;27.6098053797;28.4452009477;42167371.87;327596000;"2023-10-28T23:59:59.999Z"
"2023-10-27T00:00:00.000Z";"2023-10-27T23:59:59.999Z";"2023-10-27T13:48:00.000Z";"2023-10-27T18:31:00.000Z";27.9963970788;28.0009574494;27.1694181151;27.6532039541;42280613.03;318440158.63;"2023-10-27T23:59:59.999Z"
"2023-10-26T00:00:00.000Z";"2023-10-26T23:59:59.999Z";"2023-10-26T08:59:00.000Z";"2023-10-26T15:32:00.000Z";27.638538887;28.7284427989;27.2803470498;27.9966512944;46541845.56;322359363.92;"2023-10-26T23:59:59.999Z"
"2023-10-25T00:00:00.000Z";"2023-10-25T23:59:59.999Z";"2023-10-25T16:18:00.000Z";"2023-10-25T08:16:00.000Z";28.0257809121;28.3177383646;27.3765490335;27.6384853287;45163523.95;318082587.98;"2023-10-25T23:59:59.999Z"
"2023-10-24T00:00:00.000Z";"2023-10-24T23:59:59.999Z";"2023-10-24T12:53:00.000Z";"2023-10-24T15:46:00.000Z";27.6665582159;28.7693509801;27.4262578384;28.0222928419;57262526.67;322463915.84;"2023-10-24T23:59:59.999Z"
"2023-10-23T00:00:00.000Z";"2023-10-23T23:59:59.999Z";"2023-10-23T23:02:00.000Z";"2023-10-23T13:38:00.000Z";26.3269417827;27.8273040284;26.1840627088;27.6680250617;45601982.34;318352512.56;"2023-10-23T23:59:59.999Z"
"2023-10-22T00:00:00.000Z";"2023-10-22T23:59:59.999Z";"2023-10-22T05:58:00.000Z";"2023-10-22T15:44:00.000Z";26.1031652818;26.3573022616;25.6977140569;26.236809194;31687981.89;301851092.56;"2023-10-22T23:59:59.999Z"
"2023-10-21T00:00:00.000Z";"2023-10-21T23:59:59.999Z";"2023-10-21T17:53:00.000Z";"2023-10-21T00:49:00.000Z";25.3419117929;26.4300245944;25.3328666202;26.1039318623;29848891.88;300289678.06;"2023-10-21T23:59:59.999Z"
"2023-10-20T00:00:00.000Z";"2023-10-20T23:59:59.999Z";"2023-10-20T10:41:00.000Z";"2023-10-20T01:12:00.000Z";24.8962540821;25.8702105272;24.8797924391;25.3413479889;30020368.39;291484836.77;"2023-10-20T23:59:59.999Z"
"2023-10-19T00:00:00.000Z";"2023-10-19T23:59:59.999Z";"2023-10-19T16:26:00.000Z";"2023-10-19T01:55:00.000Z";24.8190750384;25.034220657;24.5748709295;24.8965797386;26531756.79;286337218.87;"2023-10-19T23:59:59.999Z"
"2023-10-18T00:00:00.000Z";"2023-10-18T23:59:59.999Z";"2023-10-18T05:09:00.000Z";"2023-10-18T20:55:00.000Z";25.0180610043;25.2766675657;24.6689992148;24.8203916434;30503183.54;285429674;"2023-10-18T23:59:59.999Z"
"2023-10-17T00:00:00.000Z";"2023-10-17T23:59:59.999Z";"2023-10-17T00:39:00.000Z";"2023-10-17T18:59:00.000Z";25.8349003276;25.8521746828;24.8251025028;25.0200407555;31690692.08;287691273.81;"2023-10-17T23:59:59.999Z"
"2023-10-16T00:00:00.000Z";"2023-10-16T23:59:59.999Z";"2023-10-16T13:33:00.000Z";"2023-10-16T00:23:00.000Z";25.6256948243;26.5890410998;25.6172437559;25.8375321617;31996975.22;297061365.91;"2023-10-16T23:59:59.999Z"
"2023-10-15T00:00:00.000Z";"2023-10-15T23:59:59.999Z";"2023-10-15T20:54:00.000Z";"2023-10-15T13:58:00.000Z";25.4962100028;25.8003952295;25.4139054156;25.6251205913;28015237.05;294586743.12;"2023-10-15T23:59:59.999Z"
"2023-10-14T00:00:00.000Z";"2023-10-14T23:59:59.999Z";"2023-10-14T16:04:00.000Z";"2023-10-14T00:12:00.000Z";25.4065190649;25.7039087876;25.3852783832;25.4960317763;26077071.08;293070819.29;"2023-10-14T23:59:59.999Z"
"2023-10-13T00:00:00.000Z";"2023-10-13T23:59:59.999Z";"2023-10-13T21:05:00.000Z";"2023-10-13T04:10:00.000Z";25.0453477733;25.6719031839;24.987521395;25.406549598;25669189.63;292009616.42;"2023-10-13T23:59:59.999Z"
"2023-10-12T00:00:00.000Z";"2023-10-12T23:59:59.999Z";"2023-10-12T00:01:00.000Z";"2023-10-12T16:29:00.000Z";25.5192000397;25.5216545546;24.9852940878;25.0463075251;26965656.32;287838059.48;"2023-10-12T23:59:59.999Z"
"2023-10-11T00:00:00.000Z";"2023-10-11T23:59:59.999Z";"2023-10-11T00:58:00.000Z";"2023-10-11T17:05:00.000Z";25.6869034421;25.8023662069;25.2059998281;25.5258865195;28535622.1;293316655.39;"2023-10-11T23:59:59.999Z"
"2023-10-10T00:00:00.000Z";"2023-10-10T23:59:59.999Z";"2023-10-10T10:36:00.000Z";"2023-10-10T20:49:00.000Z";25.9343090961;26.2525843102;25.5651281387;25.6857356038;28469991.56;295120750.97;"2023-10-10T23:59:59.999Z"
"2023-10-09T00:00:00.000Z";"2023-10-09T23:59:59.999Z";"2023-10-09T05:14:00.000Z";"2023-10-09T16:49:00.000Z";26.5785086845;26.702805088;25.5468972683;25.9334768888;31150583.94;297934685.24;"2023-10-09T23:59:59.999Z"
"2023-10-08T00:00:00.000Z";"2023-10-08T23:59:59.999Z";"2023-10-08T03:46:00.000Z";"2023-10-08T18:29:00.000Z";26.8803174191;26.9559869647;26.4946056753;26.5778011093;27259846.37;305303006.3;"2023-10-08T23:59:59.999Z"
"2023-10-07T00:00:00.000Z";"2023-10-07T23:59:59.999Z";"2023-10-07T11:34:00.000Z";"2023-10-07T04:07:00.000Z";26.958301929;27.2825929226;26.7863434524;26.8784652051;30207542.23;308719839.94;"2023-10-07T23:59:59.999Z"
"2023-10-06T00:00:00.000Z";"2023-10-06T23:59:59.999Z";"2023-10-06T15:37:00.000Z";"2023-10-06T13:02:00.000Z";26.9110008513;27.2043075517;26.8395531654;26.9591991184;29384989.06;309615935.29;"2023-10-06T23:59:59.999Z"
"2023-10-05T00:00:00.000Z";"2023-10-05T23:59:59.999Z";"2023-10-05T09:51:00.000Z";"2023-10-05T17:22:00.000Z";27.0614370602;27.5165976401;26.775665899;26.9106597346;29076314.82;309024356.32;"2023-10-05T23:59:59.999Z"
"2023-10-04T00:00:00.000Z";"2023-10-04T23:59:59.999Z";"2023-10-04T23:19:00.000Z";"2023-10-04T01:04:00.000Z";27.0850870668;27.1784393098;26.4319017396;27.062476433;30654476.32;310733716.69;"2023-10-04T23:59:59.999Z"
"2023-10-03T00:00:00.000Z";"2023-10-03T23:59:59.999Z";"2023-10-03T09:16:00.000Z";"2023-10-03T22:55:00.000Z";27.3967788259;27.9124528313;27.0085939843;27.0796691608;30947087.15;310896412.53;"2023-10-03T23:59:59.999Z"
"2023-10-02T00:00:00.000Z";"2023-10-02T23:59:59.999Z";"2023-10-02T02:59:00.000Z";"2023-10-02T21:49:00.000Z";28.2400649045;28.5691337368;27.2347340113;27.4036161013;33695055.6;314578304.52;"2023-10-02T23:59:59.999Z"
"2023-10-01T00:00:00.000Z";"2023-10-01T23:59:59.999Z";"2023-10-01T11:43:00.000Z";"2023-10-01T18:01:00.000Z";27.8114473277;28.5057464636;27.4970575235;28.2404811846;36222757.62;324148915.89;"2023-10-01T23:59:59.999Z"
"2023-09-30T00:00:00.000Z";"2023-09-30T23:59:59.999Z";"2023-09-30T15:49:00.000Z";"2023-09-30T03:49:00.000Z";27.4139759541;28.2044731574;27.2166771265;27.8112779547;29415107.63;319190140.03;"2023-09-30T23:59:59.999Z"
"2023-09-29T00:00:00.000Z";"2023-09-29T23:59:59.999Z";"2023-09-29T15:28:00.000Z";"2023-09-29T12:01:00.000Z";26.9194297598;27.6976566772;26.8765124246;27.4148170671;35562316.68;314605447.97;"2023-09-29T23:59:59.999Z"
"2023-09-28T00:00:00.000Z";"2023-09-28T23:59:59.999Z";"2023-09-28T16:32:00.000Z";"2023-09-28T04:17:00.000Z";26.4222634838;27.1813010096;26.3209620073;26.9178330125;29579128.71;308867929.29;"2023-09-28T23:59:59.999Z"
"2023-09-27T00:00:00.000Z";"2023-09-27T23:59:59.999Z";"2023-09-27T12:04:00.000Z";"2023-09-27T21:44:00.000Z";26.5696678798;27.1630130252;26.2874206551;26.4241351765;31798598.02;303169623.14;"2023-09-27T23:59:59.999Z"
"2023-09-26T00:00:00.000Z";"2023-09-26T23:59:59.999Z";"2023-09-26T06:01:00.000Z";"2023-09-26T22:50:00.000Z";26.9535110656;27.312701732;26.4602080415;26.5684503317;35341570.69;304791753.37;"2023-09-26T23:59:59.999Z"
"2023-09-25T00:00:00.000Z";"2023-09-25T23:59:59.999Z";"2023-09-25T18:50:00.000Z";"2023-09-25T00:25:00.000Z";26.4041947084;27.0688758452;26.2359987783;26.9543535483;33119582.14;309069506.28;"2023-09-25T23:59:59.999Z"
"2023-09-24T00:00:00.000Z";"2023-09-24T23:59:59.999Z";"2023-09-24T18:16:00.000Z";"2023-09-24T23:52:00.000Z";26.7643460242;26.8674641829;26.3622478362;26.4039107293;33415115;302721742.82;"2023-09-24T23:59:59.999Z"
"2023-09-23T00:00:00.000Z";"2023-09-23T23:59:59.999Z";"2023-09-23T09:11:00.000Z";"2023-09-23T16:37:00.000Z";26.7251240974;26.9052705562;26.5956599137;26.7622161489;27698681.45;306798758.97;"2023-09-23T23:59:59.999Z"
"2023-09-22T00:00:00.000Z";"2023-09-22T23:59:59.999Z";"2023-09-22T23:04:00.000Z";"2023-09-22T00:29:00.000Z";26.2494438584;26.7950523137;26.121303943;26.7243293485;35805961.34;306330727.8;"2023-09-22T23:59:59.999Z"
"2023-09-21T00:00:00.000Z";"2023-09-21T23:59:59.999Z";"2023-09-21T02:19:00.000Z";"2023-09-21T11:01:00.000Z";26.529629256;26.7180541952;25.951825157;26.2495202236;33875842.3;300852160.17;"2023-09-21T23:59:59.999Z"
"2023-09-20T00:00:00.000Z";"2023-09-20T23:59:59.999Z";"2023-09-20T23:52:00.000Z";"2023-09-20T13:28:00.000Z";26.3566117109;26.5335689284;26.1153965199;26.5312244784;35847417.87;304046648.05;"2023-09-20T23:59:59.999Z"
"2023-09-19T00:00:00.000Z";"2023-09-19T23:59:59.999Z";"2023-09-19T09:43:00.000Z";"2023-09-19T01:07:00.000Z";26.0124914741;26.5206711229;25.8366059175;26.3541613414;34269811.52;301987503.75;"2023-09-19T23:59:59.999Z"
"2023-09-18T00:00:00.000Z";"2023-09-18T23:59:59.999Z";"2023-09-18T13:06:00.000Z";"2023-09-18T00:42:00.000Z";25.9212999146;26.7477646003;25.6918833904;26.0126921541;36539913.83;298041926.9;"2023-09-18T23:59:59.999Z"
"2023-09-17T00:00:00.000Z";"2023-09-17T23:59:59.999Z";"2023-09-17T00:00:00.000Z";"2023-09-17T20:59:00.000Z";26.8134110511;26.8134110511;25.7865857515;25.9216981006;33913858.52;296966428.41;"2023-09-17T23:59:59.999Z"
"2023-09-16T00:00:00.000Z";"2023-09-16T23:59:59.999Z";"2023-09-16T02:50:00.000Z";"2023-09-16T10:08:00.000Z";26.5057886623;27.1638005449;26.5034680622;26.8158051163;35198296.71;307175387.01;"2023-09-16T23:59:59.999Z"
"2023-09-15T00:00:00.000Z";"2023-09-15T23:59:59.999Z";"2023-09-15T23:08:00.000Z";"2023-09-15T01:10:00.000Z";25.6240651402;26.7796823989;25.5157289902;26.5110424186;35635833.02;303650893.87;"2023-09-15T23:59:59.999Z"
"2023-09-14T00:00:00.000Z";"2023-09-14T23:59:59.999Z";"2023-09-14T01:03:00.000Z";"2023-09-14T05:58:00.000Z";25.6202719311;25.9493663441;25.3957129865;25.624040858;36647093.54;293458788.44;"2023-09-14T23:59:59.999Z"
"2023-09-13T00:00:00.000Z";"2023-09-13T23:59:59.999Z";"2023-09-13T15:34:00.000Z";"2023-09-13T05:47:00.000Z";25.2596634008;25.8575918439;25.0949176922;25.6227911681;36827613.14;293409053.05;"2023-09-13T23:59:59.999Z"
"2023-09-12T00:00:00.000Z";"2023-09-12T23:59:59.999Z";"2023-09-12T16:32:00.000Z";"2023-09-12T00:27:00.000Z";24.7305505438;25.7187491441;24.7066341504;25.2597899702;39648425.46;289223353.77;"2023-09-12T23:59:59.999Z"
"2023-09-11T00:00:00.000Z";"2023-09-11T23:59:59.999Z";"2023-09-11T00:16:00.000Z";"2023-09-11T19:45:00.000Z";25.627023694;25.6696640596;24.424461513;24.7294513523;41573383.03;283116846.73;"2023-09-11T23:59:59.999Z"
"2023-09-10T00:00:00.000Z";"2023-09-10T23:59:59.999Z";"2023-09-10T00:04:00.000Z";"2023-09-10T16:52:00.000Z";26.5497494163;26.5606983405;25.3253139803;25.6264649722;35982214.07;293356597.72;"2023-09-10T23:59:59.999Z"
"2023-09-09T00:00:00.000Z";"2023-09-09T23:59:59.999Z";"2023-09-09T23:57:00.000Z";"2023-09-09T01:02:00.000Z";26.1839202387;26.563470317;26.1303918576;26.5495650845;32324248.72;303889940.03;"2023-09-09T23:59:59.999Z"
"2023-09-08T00:00:00.000Z";"2023-09-08T23:59:59.999Z";"2023-09-08T05:05:00.000Z";"2023-09-08T10:21:00.000Z";26.0718961367;26.4887560308;25.84159737;26.1833419198;35699695.79;299665201.42;"2023-09-08T23:59:59.999Z"
"2023-09-07T00:00:00.000Z";"2023-09-07T23:59:59.999Z";"2023-09-07T21:22:00.000Z";"2023-09-07T12:52:00.000Z";25.6304335139;26.2233055099;25.5690573283;26.0760901362;34698914.16;298402209.66;"2023-09-07T23:59:59.999Z"
"2023-09-06T00:00:00.000Z";"2023-09-06T23:59:59.999Z";"2023-09-06T03:10:00.000Z";"2023-09-06T17:09:00.000Z";25.7622318327;25.8326347558;25.1758326419;25.6285364574;32223052.8;293250491.53;"2023-09-06T23:59:59.999Z"
"2023-09-05T00:00:00.000Z";"2023-09-05T23:59:59.999Z";"2023-09-05T16:18:00.000Z";"2023-09-05T03:23:00.000Z";25.6008930899;25.900379889;25.3249044788;25.7606211759;33166113.08;294729542.38;"2023-09-05T23:59:59.999Z"
"2023-09-04T00:00:00.000Z";"2023-09-04T23:59:59.999Z";"2023-09-04T03:13:00.000Z";"2023-09-04T15:14:00.000Z";25.6011478866;25.938139816;25.3523354188;25.5989864618;33785870.76;292847628.19;"2023-09-04T23:59:59.999Z"
"2023-09-03T00:00:00.000Z";"2023-09-03T23:59:59.999Z";"2023-09-03T12:52:00.000Z";"2023-09-03T00:05:00.000Z";25.3340045194;25.766263303;25.3263229813;25.6025281522;31874639.67;292855325.4;"2023-09-03T23:59:59.999Z"
"2023-09-02T00:00:00.000Z";"2023-09-02T23:59:59.999Z";"2023-09-02T15:42:00.000Z";"2023-09-02T09:06:00.000Z";25.3149296609;25.428977991;25.0966532654;25.3326850261;36718128.92;289736912.08;"2023-09-02T23:59:59.999Z"
"2023-09-01T00:00:00.000Z";"2023-09-01T23:59:59.999Z";"2023-09-01T00:58:00.000Z";"2023-09-01T17:43:00.000Z";26.049140789;26.190465378;25.1451446805;25.3107909368;38757089.26;289454258.93;"2023-09-01T23:59:59.999Z"
"2023-08-31T00:00:00.000Z";"2023-08-31T23:59:59.999Z";"2023-08-31T05:45:00.000Z";"2023-08-31T21:10:00.000Z";26.9722666862;27.1384908711;25.7813432124;26.0497798168;39543375.96;297872486.44;"2023-08-31T23:59:59.999Z"
"2023-08-30T00:00:00.000Z";"2023-08-30T23:59:59.999Z";"2023-08-30T00:15:00.000Z";"2023-08-30T15:07:00.000Z";27.1150363164;27.1566200693;26.7087030943;26.9725970304;40027397.37;308390211.59;"2023-08-30T23:59:59.999Z"
"2023-08-29T00:00:00.000Z";"2023-08-29T23:59:59.999Z";"2023-08-29T18:15:00.000Z";"2023-08-29T10:39:00.000Z";26.1049993766;27.3957477775;25.5152367914;27.1142873035;45858104.57;309976342.01;"2023-08-29T23:59:59.999Z"
"2023-08-28T00:00:00.000Z";"2023-08-28T23:59:59.999Z";"2023-08-28T12:36:00.000Z";"2023-08-28T09:20:00.000Z";25.8278433302;26.3775174644;25.5198175826;26.1054180947;35745903.44;298409416.05;"2023-08-28T23:59:59.999Z"
"2023-08-27T00:00:00.000Z";"2023-08-27T23:59:59.999Z";"2023-08-27T17:03:00.000Z";"2023-08-27T02:59:00.000Z";25.3293268548;25.9186071088;25.2360788057;25.8276626897;32728583.8;295202045.24;"2023-08-27T23:59:59.999Z"
"2023-08-26T00:00:00.000Z";"2023-08-26T23:59:59.999Z";"2023-08-26T03:30:00.000Z";"2023-08-26T19:04:00.000Z";25.5587853241;25.6812055854;25.279754655;25.3292060361;33429638.71;289472608.08;"2023-08-26T23:59:59.999Z"
"2023-08-25T00:00:00.000Z";"2023-08-25T23:59:59.999Z";"2023-08-25T23:56:00.000Z";"2023-08-25T04:41:00.000Z";25.1903986326;25.5774116613;24.6197821643;25.5643132647;42382421.01;292018552.81;"2023-08-25T23:59:59.999Z"
"2023-08-24T00:00:00.000Z";"2023-08-24T23:59:59.999Z";"2023-08-24T00:11:00.000Z";"2023-08-24T19:12:00.000Z";26.5165190544;26.5684928997;24.9267138895;25.1882133002;49165046.93;287690753.11;"2023-08-24T23:59:59.999Z"
"2023-08-23T00:00:00.000Z";"2023-08-23T23:59:59.999Z";"2023-08-23T07:22:00.000Z";"2023-08-23T13:14:00.000Z";26.3630764721;26.8416125087;25.8799351373;26.5160310352;45216164.52;302822621.77;"2023-08-23T23:59:59.999Z"
"2023-08-22T00:00:00.000Z";"2023-08-22T23:59:59.999Z";"2023-08-22T12:46:00.000Z";"2023-08-22T22:10:00.000Z";26.4367166399;26.7888645122;25.7800357005;26.3632008703;40696881.96;301044121.9;"2023-08-22T23:59:59.999Z"
"2023-08-21T00:00:00.000Z";"2023-08-21T23:59:59.999Z";"2023-08-21T00:07:00.000Z";"2023-08-21T15:31:00.000Z";27.01761118;27.0338998515;26.1707755026;26.4369681826;40179851.22;301852589.78;"2023-08-21T23:59:59.999Z"
"2023-08-20T00:00:00.000Z";"2023-08-20T23:59:59.999Z";"2023-08-20T21:04:00.000Z";"2023-08-20T06:56:00.000Z";26.729310377;27.2031693764;26.6908154514;27.0176820103;36984828.22;308446197.16;"2023-08-20T23:59:59.999Z"
"2023-08-19T00:00:00.000Z";"2023-08-19T23:59:59.999Z";"2023-08-19T17:00:00.000Z";"2023-08-19T12:32:00.000Z";26.4832080763;26.7817600598;26.3535914359;26.7296691771;40270469.24;305127057.52;"2023-08-19T23:59:59.999Z"
"2023-08-18T00:00:00.000Z";"2023-08-18T23:59:59.999Z";"2023-08-18T11:51:00.000Z";"2023-08-18T00:04:00.000Z";25.8535201333;26.6416464918;25.7808427613;26.4796550406;49196275.28;302233746.96;"2023-08-18T23:59:59.999Z"
"2023-08-17T00:00:00.000Z";"2023-08-17T23:59:59.999Z";"2023-08-17T06:05:00.000Z";"2023-08-17T21:46:00.000Z";28.4076101966;28.6567158005;24.3346229468;25.8479745963;53361828.96;294997001.34;"2023-08-17T23:59:59.999Z"
"2023-08-16T00:00:00.000Z";"2023-08-16T23:59:59.999Z";"2023-08-16T03:15:00.000Z";"2023-08-16T21:17:00.000Z";29.8296225911;29.8378675699;27.8567923826;28.405138999;45905191.68;324145313.73;"2023-08-16T23:59:59.999Z"
"2023-08-15T00:00:00.000Z";"2023-08-15T23:59:59.999Z";"2023-08-15T00:00:00.000Z";"2023-08-15T19:44:00.000Z";31.9609135398;31.9609135398;29.4365006434;29.8294833218;59677759.96;340361634.92;"2023-08-15T23:59:59.999Z"
"2023-08-14T00:00:00.000Z";"2023-08-14T23:59:59.999Z";"2023-08-14T16:52:00.000Z";"2023-08-14T13:16:00.000Z";32.0140602178;32.2944469087;31.8275976613;31.9607181804;50397833.39;364639014.72;"2023-08-14T23:59:59.999Z"
"2023-08-13T00:00:00.000Z";"2023-08-13T23:59:59.999Z";"2023-08-13T20:05:00.000Z";"2023-08-13T06:07:00.000Z";32.2813022053;32.3776926421;31.8911030409;32.0154720904;44422905.16;365223030.79;"2023-08-13T23:59:59.999Z"
"2023-08-12T00:00:00.000Z";"2023-08-12T23:59:59.999Z";"2023-08-12T01:03:00.000Z";"2023-08-12T21:27:00.000Z";32.5037875733;32.55218219;32.1322574463;32.2800439193;37299825.88;368200256.49;"2023-08-12T23:59:59.999Z"
"2023-08-11T00:00:00.000Z";"2023-08-11T23:59:59.999Z";"2023-08-11T15:05:00.000Z";"2023-08-11T03:04:00.000Z";32.3483615673;32.8228187001;32.2117017875;32.5040829279;33642194.7;370715053.12;"2023-08-11T23:59:59.999Z"
"2023-08-10T00:00:00.000Z";"2023-08-10T23:59:59.999Z";"2023-08-10T02:15:00.000Z";"2023-08-10T17:46:00.000Z";32.8434447985;32.961405222;32.2962762146;32.3477935493;48835246.18;368891377.22;"2023-08-10T23:59:59.999Z"
"2023-08-09T00:00:00.000Z";"2023-08-09T23:59:59.999Z";"2023-08-09T11:08:00.000Z";"2023-08-09T16:52:00.000Z";32.9255950511;33.2885968922;32.6727003541;32.844435063;53961150.85;374509820.63;"2023-08-09T23:59:59.999Z"
"2023-08-08T00:00:00.000Z";"2023-08-08T23:59:59.999Z";"2023-08-08T18:26:00.000Z";"2023-08-08T02:06:00.000Z";32.4602914066;33.2710393435;32.2780394864;32.9252111539;57761429.54;375392697.52;"2023-08-08T23:59:59.999Z"
"2023-08-07T00:00:00.000Z";"2023-08-07T23:59:59.999Z";"2023-08-07T03:35:00.000Z";"2023-08-07T16:49:00.000Z";32.4482035489;33.3870143117;31.9457460388;32.4561384997;66438933.5;370003951.55;"2023-08-07T23:59:59.999Z"
"2023-08-06T00:00:00.000Z";"2023-08-06T23:59:59.999Z";"2023-08-06T22:25:00.000Z";"2023-08-06T00:13:00.000Z";30.9192791375;32.7731557489;30.8515512635;32.446528495;52594391.3;369853328.74;"2023-08-06T23:59:59.999Z"
"2023-08-05T00:00:00.000Z";"2023-08-05T23:59:59.999Z";"2023-08-05T23:04:00.000Z";"2023-08-05T13:49:00.000Z";30.8244751543;30.9851331141;30.4512197786;30.9203266433;43023212.9;352417308.08;"2023-08-05T23:59:59.999Z"
"2023-08-04T00:00:00.000Z";"2023-08-04T23:59:59.999Z";"2023-08-04T01:04:00.000Z";"2023-08-04T20:52:00.000Z";31.359568468;31.4265927429;30.6930521237;30.8214572845;26129629.55;351251170.68;"2023-08-04T23:59:59.999Z"
"2023-08-03T00:00:00.000Z";"2023-08-03T23:59:59.999Z";"2023-08-03T17:16:00.000Z";"2023-08-03T22:34:00.000Z";31.9336428457;32.1236959697;31.3583660949;31.361593462;53602566.63;357367185.55;"2023-08-03T23:59:59.999Z"
"2023-08-02T00:00:00.000Z";"2023-08-02T23:59:59.999Z";"2023-08-02T16:10:00.000Z";"2023-08-02T08:14:00.000Z";31.7659030711;32.2244349746;31.5096419516;31.9321307218;60451237.47;363827926.86;"2023-08-02T23:59:59.999Z"
"2023-08-01T00:00:00.000Z";"2023-08-01T23:59:59.999Z";"2023-08-01T23:59:00.000Z";"2023-08-01T02:13:00.000Z";31.6703100384;31.7663483249;30.7731190975;31.7663483249;32021967.98;361898757.33;"2023-08-01T23:59:59.999Z"
"2023-07-31T00:00:00.000Z";"2023-07-31T23:59:59.999Z";"2023-07-31T01:02:00.000Z";"2023-07-31T21:06:00.000Z";32.1341580097;32.3229452294;31.4297070214;31.6702267245;20495475.23;360763751.36;"2023-07-31T23:59:59.999Z"
"2023-07-30T00:00:00.000Z";"2023-07-30T23:59:59.999Z";"2023-07-30T01:05:00.000Z";"2023-07-30T20:04:00.000Z";32.5723582934;32.6701546898;31.4416964534;32.1338875041;52052702.85;366004536.8;"2023-07-30T23:59:59.999Z"
"2023-07-29T00:00:00.000Z";"2023-07-29T23:59:59.999Z";"2023-07-29T23:55:00.000Z";"2023-07-29T09:05:00.000Z";32.2840144662;32.5809617662;32.2015237234;32.5733116066;19049452.39;370968719.39;"2023-07-29T23:59:59.999Z"
"2023-07-28T00:00:00.000Z";"2023-07-28T23:59:59.999Z";"2023-07-28T15:13:00.000Z";"2023-07-28T05:55:00.000Z";31.8143319002;32.5462248721;31.6784516409;32.2883480939;23618273.04;367682106.04;"2023-07-28T23:59:59.999Z"
"2023-07-27T00:00:00.000Z";"2023-07-27T23:59:59.999Z";"2023-07-27T09:51:00.000Z";"2023-07-27T18:40:00.000Z";31.6367579675;31.962703941;31.4140284383;31.8150229449;24422563.29;362251795.5;"2023-07-27T23:59:59.999Z"
"2023-07-26T00:00:00.000Z";"2023-07-26T23:59:59.999Z";"2023-07-26T21:09:00.000Z";"2023-07-26T02:21:00.000Z";31.4312222779;31.9254759716;30.8996841855;31.636168087;26868971.24;360040257.84;"2023-07-26T23:59:59.999Z"
"2023-07-25T00:00:00.000Z";"2023-07-25T23:59:59.999Z";"2023-07-25T00:32:00.000Z";"2023-07-25T20:45:00.000Z";32.0282478761;32.0743267784;31.2521433591;31.4339196846;24052013.88;357699261.2;"2023-07-25T23:59:59.999Z"
"2023-07-24T00:00:00.000Z";"2023-07-24T23:59:59.999Z";"2023-07-24T00:45:00.000Z";"2023-07-24T20:45:00.000Z";33.6704556113;33.7851399878;31.8462741727;32.0280884932;32017032.59;364416607.14;"2023-07-24T23:59:59.999Z"
"2023-07-23T00:00:00.000Z";"2023-07-23T23:59:59.999Z";"2023-07-23T13:58:00.000Z";"2023-07-23T00:19:00.000Z";32.6012478009;33.9130915049;32.5468524849;33.6715010164;59152799.71;383075977.52;"2023-07-23T23:59:59.999Z"
"2023-07-22T00:00:00.000Z";"2023-07-22T23:59:59.999Z";"2023-07-22T01:16:00.000Z";"2023-07-22T23:35:00.000Z";33.0808621199;33.6154644965;32.4763589197;32.6012641476;25247182.12;370859004.18;"2023-07-22T23:59:59.999Z"
"2023-07-21T00:00:00.000Z";"2023-07-21T23:59:59.999Z";"2023-07-21T22:26:00.000Z";"2023-07-21T00:40:00.000Z";32.5919573379;33.1361500943;32.403555239;33.0797113182;26925249.43;376255863.17;"2023-07-21T23:59:59.999Z"
"2023-07-20T00:00:00.000Z";"2023-07-20T23:59:59.999Z";"2023-07-20T06:07:00.000Z";"2023-07-20T15:04:00.000Z";32.1735722109;32.6386347015;32.0589098497;32.5943224046;41314130.43;370697302.53;"2023-07-20T23:59:59.999Z"
"2023-07-19T00:00:00.000Z";"2023-07-19T23:59:59.999Z";"2023-07-19T03:16:00.000Z";"2023-07-19T15:04:00.000Z";32.1159519826;32.7445223332;32.0589098497;32.1723496133;36027680.77;365857681.49;"2023-07-19T23:59:59.999Z"
"2023-07-18T00:00:00.000Z";"2023-07-18T23:59:59.999Z";"2023-07-18T02:02:00.000Z";"2023-07-18T16:52:00.000Z";33.0605904633;33.607610158;31.766421059;32.1128267915;35274212.55;365140228.53;"2023-07-18T23:59:59.999Z"
"2023-07-17T00:00:00.000Z";"2023-07-17T23:59:59.999Z";"2023-07-17T07:46:00.000Z";"2023-07-17T10:41:00.000Z";32.7524861251;33.4760797462;32.5067099793;33.0611600629;34146883.85;375881402.49;"2023-07-17T23:59:59.999Z"
"2023-07-16T00:00:00.000Z";"2023-07-16T23:59:59.999Z";"2023-07-16T01:25:00.000Z";"2023-07-16T23:38:00.000Z";33.9809603426;34.1053607438;32.6982465114;32.7501545095;30321024.67;372303967.47;"2023-07-16T23:59:59.999Z"
"2023-07-15T00:00:00.000Z";"2023-07-15T23:59:59.999Z";"2023-07-15T10:22:00.000Z";"2023-07-15T03:32:00.000Z";34.2525092187;34.7764620476;33.8147262176;33.984286342;52531525.98;386290650.66;"2023-07-15T23:59:59.999Z"
"2023-07-14T00:00:00.000Z";"2023-07-14T23:59:59.999Z";"2023-07-14T01:01:00.000Z";"2023-07-14T20:34:00.000Z";35.9965540933;36.4397600509;33.295062406;34.2466855799;58673404.69;389230166.62;"2023-07-14T23:59:59.999Z"
"2023-07-13T00:00:00.000Z";"2023-07-13T23:59:59.999Z";"2023-07-13T20:31:00.000Z";"2023-07-13T04:14:00.000Z";33.4426051454;36.1162019948;33.0321628764;35.9932697581;69587842.42;409035171.54;"2023-07-13T23:59:59.999Z"
"2023-07-12T00:00:00.000Z";"2023-07-12T23:59:59.999Z";"2023-07-12T07:54:00.000Z";"2023-07-12T19:52:00.000Z";33.4871671273;33.8978866487;33.1706784994;33.4425693428;38214140.73;380006406.51;"2023-07-12T23:59:59.999Z"
"2023-07-11T00:00:00.000Z";"2023-07-11T23:59:59.999Z";"2023-07-11T07:01:00.000Z";"2023-07-11T14:21:00.000Z";33.5990081863;33.7849031101;33.1387810168;33.4873380777;48796124.34;380472417.31;"2023-07-11T23:59:59.999Z"
"2023-07-10T00:00:00.000Z";"2023-07-10T23:59:59.999Z";"2023-07-10T20:08:00.000Z";"2023-07-10T08:38:00.000Z";33.4283313971;34.1553114132;32.624923502;33.5972532758;52540996.59;381679058.54;"2023-07-10T23:59:59.999Z"
"2023-07-09T00:00:00.000Z";"2023-07-09T23:59:59.999Z";"2023-07-09T01:14:00.000Z";"2023-07-09T07:57:00.000Z";33.6671966546;33.8399215401;33.315864831;33.4280470638;41313071.66;379714638.32;"2023-07-09T23:59:59.999Z"
"2023-07-08T00:00:00.000Z";"2023-07-08T23:59:59.999Z";"2023-07-08T01:31:00.000Z";"2023-07-08T20:22:00.000Z";33.9338965738;34.1353749967;33.0433651789;33.6669577689;50796089.64;382385929.46;"2023-07-08T23:59:59.999Z"
"2023-07-07T00:00:00.000Z";"2023-07-07T23:59:59.999Z";"2023-07-07T03:54:00.000Z";"2023-07-07T00:04:00.000Z";33.6552578463;34.0889529961;33.4125736434;33.9318071362;52433704.54;385350722.65;"2023-07-07T23:59:59.999Z"
"2023-07-06T00:00:00.000Z";"2023-07-06T23:59:59.999Z";"2023-07-06T09:22:00.000Z";"2023-07-06T23:59:00.000Z";35.069109578;36.0316295326;33.6571646024;33.6571646024;64225105.4;382189344.41;"2023-07-06T23:59:59.999Z"
"2023-07-05T00:00:00.000Z";"2023-07-05T23:59:59.999Z";"2023-07-05T07:52:00.000Z";"2023-07-05T15:35:00.000Z";36.3162622865;36.6059130014;34.6755739523;35.075761101;67339370.25;398250387.61;"2023-07-05T23:59:59.999Z"
"2023-07-04T00:00:00.000Z";"2023-07-04T23:59:59.999Z";"2023-07-04T04:37:00.000Z";"2023-07-04T19:34:00.000Z";37.603451246;38.1123045231;36.1691319883;36.3158138968;63180939.22;412287595.78;"2023-07-04T23:59:59.999Z"
"2023-07-03T00:00:00.000Z";"2023-07-03T23:59:59.999Z";"2023-07-03T08:19:00.000Z";"2023-07-03T13:36:00.000Z";38.2297043122;38.3775198703;37.3444598966;37.6052370174;69136219.02;426878525.32;"2023-07-03T23:59:59.999Z"
"2023-07-02T00:00:00.000Z";"2023-07-02T23:59:59.999Z";"2023-07-02T11:16:00.000Z";"2023-07-02T04:10:00.000Z";38.0583859744;38.3217336907;36.9529066491;38.2353717968;68581612.01;433983327.23;"2023-07-02T23:59:59.999Z"
"2023-07-01T00:00:00.000Z";"2023-07-01T23:59:59.999Z";"2023-07-01T01:05:00.000Z";"2023-07-01T17:56:00.000Z";37.7085529704;39.1328198359;37.6187042352;38.0553796129;80900182.08;431891704.09;"2023-07-01T23:59:59.999Z"
"2023-06-30T00:00:00.000Z";"2023-06-30T23:59:59.999Z";"2023-06-30T10:29:00.000Z";"2023-06-30T01:07:00.000Z";34.2406061915;38.816696467;34.0881043072;37.7078097706;116333328.39;427895738.3;"2023-06-30T23:59:59.999Z"
"2023-06-29T00:00:00.000Z";"2023-06-29T23:59:59.999Z";"2023-06-29T12:19:00.000Z";"2023-06-29T03:07:00.000Z";33.8621970401;34.6304814509;33.6943172444;34.2450995286;26999931.31;388562659.86;"2023-06-29T23:59:59.999Z"
"2023-06-28T00:00:00.000Z";"2023-06-28T23:59:59.999Z";"2023-06-28T00:01:00.000Z";"2023-06-28T20:17:00.000Z";36.1034046231;36.103709362;33.5622253146;33.8624887707;32400056.57;384178377.44;"2023-06-28T23:59:59.999Z"
"2023-06-27T00:00:00.000Z";"2023-06-27T23:59:59.999Z";"2023-06-27T00:56:00.000Z";"2023-06-27T08:57:00.000Z";36.0968359829;36.9694544548;35.3528315352;36.1010918803;52323087.8;409530111.28;"2023-06-27T23:59:59.999Z"
"2023-06-26T00:00:00.000Z";"2023-06-26T23:59:59.999Z";"2023-06-26T23:01:00.000Z";"2023-06-26T16:49:00.000Z";35.4240260175;36.975125645;34.5030898845;36.0970118307;54271483.36;409283913.05;"2023-06-26T23:59:59.999Z"
"2023-06-25T00:00:00.000Z";"2023-06-25T23:59:59.999Z";"2023-06-25T06:39:00.000Z";"2023-06-25T19:38:00.000Z";35.1259072443;36.8261469753;34.9548723494;35.4239379971;38082008.03;401608310.25;"2023-06-25T23:59:59.999Z"
"2023-06-24T00:00:00.000Z";"2023-06-24T23:59:59.999Z";"2023-06-24T15:07:00.000Z";"2023-06-24T16:05:00.000Z";34.7195862077;35.6841674222;34.2541712403;35.125395432;37026414.99;398179539.43;"2023-06-24T23:59:59.999Z"
"2023-06-23T00:00:00.000Z";"2023-06-23T23:59:59.999Z";"2023-06-23T18:13:00.000Z";"2023-06-23T02:13:00.000Z";32.953781101;35.4729368856;32.874931331;34.7186541064;49287231.22;393524959.22;"2023-06-23T23:59:59.999Z"
"2023-06-22T00:00:00.000Z";"2023-06-22T23:59:59.999Z";"2023-06-22T03:01:00.000Z";"2023-06-22T16:56:00.000Z";33.4986224725;34.5295394742;32.9179350638;32.9533786555;40225219.93;373472953.59;"2023-06-22T23:59:59.999Z"
"2023-06-21T00:00:00.000Z";"2023-06-21T23:59:59.999Z";"2023-06-21T16:31:00.000Z";"2023-06-21T00:09:00.000Z";32.7903560878;34.284689399;32.6739989178;33.5032308753;49568183.23;379658883.94;"2023-06-21T23:59:59.999Z"
"2023-06-20T00:00:00.000Z";"2023-06-20T23:59:59.999Z";"2023-06-20T20:04:00.000Z";"2023-06-20T04:13:00.000Z";30.8336025683;32.9747692354;30.7800102832;32.7928452114;46669665.86;371564415.42;"2023-06-20T23:59:59.999Z"
"2023-06-19T00:00:00.000Z";"2023-06-19T23:59:59.999Z";"2023-06-19T18:17:00.000Z";"2023-06-19T00:56:00.000Z";30.1862804759;31.0593934732;30.0845687255;30.8324903999;21207990.77;349310744.93;"2023-06-19T23:59:59.999Z"
"2023-06-18T00:00:00.000Z";"2023-06-18T23:59:59.999Z";"2023-06-18T17:10:00.000Z";"2023-06-18T23:02:00.000Z";31.1822242105;31.2147671292;30.1158717434;30.1829801234;18389228.36;341906898.21;"2023-06-18T23:59:59.999Z"
"2023-06-17T00:00:00.000Z";"2023-06-17T23:59:59.999Z";"2023-06-17T22:20:00.000Z";"2023-06-17T02:04:00.000Z";30.6445290196;31.4193355784;30.5008707523;31.1839108569;23249315.04;353206230.7;"2023-06-17T23:59:59.999Z"
"2023-06-16T00:00:00.000Z";"2023-06-16T23:59:59.999Z";"2023-06-16T18:16:00.000Z";"2023-06-16T01:22:00.000Z";29.6453122805;30.9845505215;29.4767133469;30.6439195445;30676947.7;347048601.83;"2023-06-16T23:59:59.999Z"
"2023-06-15T00:00:00.000Z";"2023-06-15T23:59:59.999Z";"2023-06-15T21:11:00.000Z";"2023-06-15T07:11:00.000Z";29.0307710971;29.8800451568;28.9203505828;29.645132835;28570262.34;335696731.69;"2023-06-15T23:59:59.999Z"
"2023-06-14T00:00:00.000Z";"2023-06-14T23:59:59.999Z";"2023-06-14T05:24:00.000Z";"2023-06-14T21:01:00.000Z";29.7111433369;30.3964631398;28.3302523156;29.0302365503;31566367.66;328694030.31;"2023-06-14T23:59:59.999Z"
"2023-06-13T00:00:00.000Z";"2023-06-13T23:59:59.999Z";"2023-06-13T23:58:00.000Z";"2023-06-13T15:59:00.000Z";29.1627836525;29.7114761464;28.7521149474;29.7111721932;30618021.82;336363658.07;"2023-06-13T23:59:59.999Z"
"2023-06-12T00:00:00.000Z";"2023-06-12T23:59:59.999Z";"2023-06-12T22:14:00.000Z";"2023-06-12T08:16:00.000Z";29.1717067364;29.439507663;28.3414414667;29.1649095736;30723107.47;330139340.42;"2023-06-12T23:59:59.999Z"
"2023-06-11T00:00:00.000Z";"2023-06-11T23:59:59.999Z";"2023-06-11T20:16:00.000Z";"2023-06-11T04:37:00.000Z";29.9005291593;30.0098089693;28.8359689744;29.171763107;33614607.22;330177520.55;"2023-06-11T23:59:59.999Z"
"2023-06-10T00:00:00.000Z";"2023-06-10T23:59:59.999Z";"2023-06-10T00:05:00.000Z";"2023-06-10T06:50:00.000Z";38.4341853215;38.4551353401;28.5905306382;29.9012905293;121834785.28;338393916.72;"2023-06-10T23:59:59.999Z"
"2023-06-09T00:00:00.000Z";"2023-06-09T23:59:59.999Z";"2023-06-09T13:25:00.000Z";"2023-06-09T20:02:00.000Z";38.7956582801;39.2263762436;38.238953241;38.4310229865;48639533.41;434872899.28;"2023-06-09T23:59:59.999Z"
"2023-06-08T00:00:00.000Z";"2023-06-08T23:59:59.999Z";"2023-06-08T14:58:00.000Z";"2023-06-08T03:43:00.000Z";38.486299679;39.2069186708;37.7493280422;38.7948592256;50386665.35;438936974.99;"2023-06-08T23:59:59.999Z"
"2023-06-07T00:00:00.000Z";"2023-06-07T23:59:59.999Z";"2023-06-07T00:02:00.000Z";"2023-06-07T22:39:00.000Z";40.0944963759;40.1020811808;38.1130160492;38.4886706813;55462195.78;435420105.41;"2023-06-07T23:59:59.999Z"
"2023-06-06T00:00:00.000Z";"2023-06-06T23:59:59.999Z";"2023-06-06T19:58:00.000Z";"2023-06-06T13:25:00.000Z";39.1754241984;40.2350904756;38.0475373318;40.0947328573;57238371.6;453535041.5;"2023-06-06T23:59:59.999Z"
"2023-06-05T00:00:00.000Z";"2023-06-05T23:59:59.999Z";"2023-06-05T00:37:00.000Z";"2023-06-05T16:07:00.000Z";42.6349402555;42.7055311901;38.6536694867;39.1752929652;69298976.58;443081455.83;"2023-06-05T23:59:59.999Z"
"2023-06-04T00:00:00.000Z";"2023-06-04T23:59:59.999Z";"2023-06-04T09:52:00.000Z";"2023-06-04T01:09:00.000Z";42.6311571975;43.4719027498;42.34282161;42.6348356742;48808783.13;482146995.19;"2023-06-04T23:59:59.999Z"
"2023-06-03T00:00:00.000Z";"2023-06-03T23:59:59.999Z";"2023-06-03T12:54:00.000Z";"2023-06-03T01:42:00.000Z";42.7280773969;43.3649170426;42.3124260198;42.6305370196;48672187.36;482044940.3;"2023-06-03T23:59:59.999Z"
"2023-06-02T00:00:00.000Z";"2023-06-02T23:59:59.999Z";"2023-06-02T22:11:00.000Z";"2023-06-02T00:40:00.000Z";41.8740909261;42.8781311005;41.5598549664;42.7266660709;52836782.21;483073361.94;"2023-06-02T23:59:59.999Z"
"2023-06-01T00:00:00.000Z";"2023-06-01T23:59:59.999Z";"2023-06-01T16:58:00.000Z";"2023-06-01T03:09:00.000Z";41.8642690348;42.2747673907;41.0472285545;41.8730029714;56703263.06;473364970.51;"2023-06-01T23:59:59.999Z"
"2023-05-31T00:00:00.000Z";"2023-05-31T23:59:59.999Z";"2023-05-31T01:53:00.000Z";"2023-05-31T21:37:00.000Z";43.8635040108;44.2707757604;41.6025144778;41.8657723312;59012888.43;473226622.49;"2023-05-31T23:59:59.999Z"
"2023-05-30T00:00:00.000Z";"2023-05-30T23:59:59.999Z";"2023-05-30T21:34:00.000Z";"2023-05-30T05:55:00.000Z";43.264055646;44.0840927331;42.9798610095;43.8625396471;48880725.55;495737625.23;"2023-05-30T23:59:59.999Z"
"2023-05-29T00:00:00.000Z";"2023-05-29T23:59:59.999Z";"2023-05-29T00:25:00.000Z";"2023-05-29T17:08:00.000Z";43.9036138376;44.1109553165;42.9590323483;43.2572470233;54447877.09;488837386.3;"2023-05-29T23:59:59.999Z"
"2023-05-28T00:00:00.000Z";"2023-05-28T23:59:59.999Z";"2023-05-28T23:02:00.000Z";"2023-05-28T00:19:00.000Z";42.2654407224;44.2060870972;42.1622670216;43.9010053663;54585311.87;496052142.02;"2023-05-28T23:59:59.999Z"
"2023-05-27T00:00:00.000Z";"2023-05-27T23:59:59.999Z";"2023-05-27T06:53:00.000Z";"2023-05-27T14:01:00.000Z";41.9576472215;42.4312117928;41.7993846659;42.2667022177;46824971.83;477523261.11;"2023-05-27T23:59:59.999Z"
"2023-05-26T00:00:00.000Z";"2023-05-26T23:59:59.999Z";"2023-05-26T21:09:00.000Z";"2023-05-26T06:04:00.000Z";40.9954277354;42.2628038718;40.8787459399;41.9600903887;53517448.12;473813784.18;"2023-05-26T23:59:59.999Z"
"2023-05-25T00:00:00.000Z";"2023-05-25T23:59:59.999Z";"2023-05-25T19:22:00.000Z";"2023-05-25T01:31:00.000Z";41.1405462504;41.5239025861;40.0631864657;40.9956767589;51486736.84;462868347.45;"2023-05-25T23:59:59.999Z"
"2023-05-24T00:00:00.000Z";"2023-05-24T23:59:59.999Z";"2023-05-24T00:05:00.000Z";"2023-05-24T18:28:00.000Z";43.4224336149;43.4278413123;40.4632860889;41.1463873451;59892987.43;464513925.87;"2023-05-24T23:59:59.999Z"
"2023-05-23T00:00:00.000Z";"2023-05-23T23:59:59.999Z";"2023-05-23T04:08:00.000Z";"2023-05-23T01:04:00.000Z";43.5032407607;44.5035223138;43.2175205219;43.4189327732;47451013.89;490041828.62;"2023-05-23T23:59:59.999Z"
"2023-05-22T00:00:00.000Z";"2023-05-22T23:59:59.999Z";"2023-05-22T00:13:00.000Z";"2023-05-22T02:04:00.000Z";43.9581092738;44.1686005344;43.145708987;43.5248301232;48697748.65;491237024.54;"2023-05-22T23:59:59.999Z"
"2023-05-21T00:00:00.000Z";"2023-05-21T23:59:59.999Z";"2023-05-21T01:01:00.000Z";"2023-05-21T15:48:00.000Z";44.3573124728;44.362085298;43.2679351054;43.9658214541;49439121.39;496199230.66;"2023-05-21T23:59:59.999Z"
"2023-05-20T00:00:00.000Z";"2023-05-20T23:59:59.999Z";"2023-05-20T00:00:00.000Z";"2023-05-20T07:36:00.000Z";44.557284925;44.557284925;43.8459820027;44.3593358164;51674563.12;500580308.92;"2023-05-20T23:59:59.999Z"
"2023-05-19T00:00:00.000Z";"2023-05-19T23:59:59.999Z";"2023-05-19T22:41:00.000Z";"2023-05-19T00:10:00.000Z";43.2255864854;44.8627972164;43.2187883694;44.5565277646;50538998.1;502744820.97;"2023-05-19T23:59:59.999Z"
"2023-05-18T00:00:00.000Z";"2023-05-18T23:59:59.999Z";"2023-05-18T10:20:00.000Z";"2023-05-18T18:19:00.000Z";44.3643190823;44.4793844065;42.64353049;43.2280983905;57452559.32;487697256.82;"2023-05-18T23:59:59.999Z"
"2023-05-17T00:00:00.000Z";"2023-05-17T23:59:59.999Z";"2023-05-17T09:39:00.000Z";"2023-05-17T00:30:00.000Z";43.2338227556;45.3519961289;43.1061225142;44.3729308634;77810260.11;500552164.95;"2023-05-17T23:59:59.999Z"
"2023-05-16T00:00:00.000Z";"2023-05-16T23:59:59.999Z";"2023-05-16T22:04:00.000Z";"2023-05-16T01:40:00.000Z";42.0841974267;43.4991420205;41.6308266366;43.230389827;57026695.39;487599773.33;"2023-05-16T23:59:59.999Z"
"2023-05-15T00:00:00.000Z";"2023-05-15T23:59:59.999Z";"2023-05-15T08:55:00.000Z";"2023-05-15T00:55:00.000Z";41.237589137;42.701228032;40.5371922856;42.0786983708;56789961.29;474558029.31;"2023-05-15T23:59:59.999Z"
"2023-05-14T00:00:00.000Z";"2023-05-14T23:59:59.999Z";"2023-05-14T16:09:00.000Z";"2023-05-14T02:05:00.000Z";40.7042865947;41.8299164789;40.2754334899;41.233672553;50740731.85;464971940.28;"2023-05-14T23:59:59.999Z"
"2023-05-13T00:00:00.000Z";"2023-05-13T23:59:59.999Z";"2023-05-13T20:29:00.000Z";"2023-05-13T14:31:00.000Z";40.8903447827;40.8993652443;40.1433877042;40.7032039414;52863053.8;458934158.93;"2023-05-13T23:59:59.999Z"
"2023-05-12T00:00:00.000Z";"2023-05-12T23:59:59.999Z";"2023-05-12T23:54:00.000Z";"2023-05-12T06:26:00.000Z";40.8415138033;40.8958021105;38.9943216452;40.8906151424;62680013.57;460992221.22;"2023-05-12T23:59:59.999Z"
"2023-05-11T00:00:00.000Z";"2023-05-11T23:59:59.999Z";"2023-05-11T00:01:00.000Z";"2023-05-11T20:01:00.000Z";43.0978744817;43.101975597;39.9837719363;40.8460598346;62770501.96;460433527.12;"2023-05-11T23:59:59.999Z"
"2023-05-10T00:00:00.000Z";"2023-05-10T23:59:59.999Z";"2023-05-10T20:47:00.000Z";"2023-05-10T17:28:00.000Z";42.0621477123;43.8508313543;41.2227840743;43.0942850965;72439876.05;485717917.9;"2023-05-10T23:59:59.999Z"
"2023-05-09T00:00:00.000Z";"2023-05-09T23:59:59.999Z";"2023-05-09T23:58:00.000Z";"2023-05-09T07:01:00.000Z";41.7732509178;42.0670835118;40.4328270218;42.0663445018;64295332.82;474074711.85;"2023-05-09T23:59:59.999Z"
"2023-05-08T00:00:00.000Z";"2023-05-08T23:59:59.999Z";"2023-05-08T00:48:00.000Z";"2023-05-08T21:22:00.000Z";45.6043802221;45.8527122063;41.0886204254;41.773720207;78776668.65;470720297.96;"2023-05-08T23:59:59.999Z"
"2023-05-07T00:00:00.000Z";"2023-05-07T23:59:59.999Z";"2023-05-07T21:34:00.000Z";"2023-05-07T00:00:00.000Z";45.5174049552;46.254528764;45.5174049552;45.6112511098;52387199.45;513900985.54;"2023-05-07T23:59:59.999Z"
"2023-05-06T00:00:00.000Z";"2023-05-06T23:59:59.999Z";"2023-05-06T00:40:00.000Z";"2023-05-06T16:04:00.000Z";48.7927237211;48.9607085738;45.2994157754;45.5188544315;74665294.2;512798135.58;"2023-05-06T23:59:59.999Z"
"2023-05-05T00:00:00.000Z";"2023-05-05T23:59:59.999Z";"2023-05-05T16:23:00.000Z";"2023-05-05T12:37:00.000Z";48.7061944847;49.3592729655;48.2621409608;48.7922103747;67046446.04;549607771.57;"2023-05-05T23:59:59.999Z"
"2023-05-04T00:00:00.000Z";"2023-05-04T23:59:59.999Z";"2023-05-04T00:17:00.000Z";"2023-05-04T13:46:00.000Z";49.2814884844;49.3590093393;48.4504607823;48.7041003486;53016296.88;548548697.71;"2023-05-04T23:59:59.999Z"
"2023-05-03T00:00:00.000Z";"2023-05-03T23:59:59.999Z";"2023-05-03T23:22:00.000Z";"2023-05-03T13:07:00.000Z";48.6348898504;49.4483038723;47.1031711517;49.2759160451;64261549.96;554921581.07;"2023-05-03T23:59:59.999Z"
"2023-05-02T00:00:00.000Z";"2023-05-02T23:59:59.999Z";"2023-05-02T22:49:00.000Z";"2023-05-02T14:08:00.000Z";48.3039938715;48.8251617182;47.7251875794;48.6388890474;63587661.52;547682239.56;"2023-05-02T23:59:59.999Z"
"2023-05-01T00:00:00.000Z";"2023-05-01T23:59:59.999Z";"2023-05-01T00:52:00.000Z";"2023-05-01T19:22:00.000Z";49.815501034;49.9382611794;47.9676512633;48.3017312369;71515847.8;543814299.78;"2023-05-01T23:59:59.999Z"
"2023-04-30T00:00:00.000Z";"2023-04-30T23:59:59.999Z";"2023-04-30T00:03:00.000Z";"2023-04-30T20:22:00.000Z";51.0795818324;51.0930269743;49.6172831037;49.8225986887;65636275.02;560875438.58;"2023-04-30T23:59:59.999Z"
"2023-04-29T00:00:00.000Z";"2023-04-29T23:59:59.999Z";"2023-04-29T20:13:00.000Z";"2023-04-29T01:15:00.000Z";50.0600618147;51.4182385126;49.9007282167;51.0804703102;60307147.53;574965604.97;"2023-04-29T23:59:59.999Z"
"2023-04-28T00:00:00.000Z";"2023-04-28T23:59:59.999Z";"2023-04-28T00:10:00.000Z";"2023-04-28T15:07:00.000Z";50.6670062223;50.7042144113;49.5209590409;50.0627592241;68622667.79;563442183.06;"2023-04-28T23:59:59.999Z"
"2023-04-27T00:00:00.000Z";"2023-04-27T23:59:59.999Z";"2023-04-27T00:34:00.000Z";"2023-04-27T09:27:00.000Z";49.7976077732;51.2730098209;49.3112803771;50.6730603577;82138402.6;570241879.03;"2023-04-27T23:59:59.999Z"
"2023-04-26T00:00:00.000Z";"2023-04-26T23:59:59.999Z";"2023-04-26T13:01:00.000Z";"2023-04-26T20:04:00.000Z";51.5844354792;53.3591360978;48.107678283;49.7917405649;93787418.1;560257222.63;"2023-04-26T23:59:59.999Z"
"2023-04-25T00:00:00.000Z";"2023-04-25T23:59:59.999Z";"2023-04-25T23:55:00.000Z";"2023-04-25T17:33:00.000Z";50.1552370575;51.6089468402;49.257849989;51.571288878;75790111.92;579977944.56;"2023-04-25T23:59:59.999Z"
"2023-04-24T00:00:00.000Z";"2023-04-24T23:59:59.999Z";"2023-04-24T01:20:00.000Z";"2023-04-24T17:04:00.000Z";50.1978812901;50.9648399931;49.0202781597;50.1598750734;67037086.34;564036366.5;"2023-04-24T23:59:59.999Z"
"2023-04-23T00:00:00.000Z";"2023-04-23T23:59:59.999Z";"2023-04-23T13:49:00.000Z";"2023-04-23T19:03:00.000Z";50.2545314549;51.0262208185;49.2574949644;50.1977807456;68143431.38;564393934.74;"2023-04-23T23:59:59.999Z"
"2023-04-22T00:00:00.000Z";"2023-04-22T23:59:59.999Z";"2023-04-22T23:10:00.000Z";"2023-04-22T01:19:00.000Z";48.9087910665;50.3831689621;48.6637199967;50.2508347109;69619946.22;564922071.9;"2023-04-22T23:59:59.999Z"
"2023-04-21T00:00:00.000Z";"2023-04-21T23:59:59.999Z";"2023-04-21T00:52:00.000Z";"2023-04-21T22:01:00.000Z";51.672989089;52.1536995273;48.3798140865;48.9100450753;77530634.66;549782189.01;"2023-04-21T23:59:59.999Z"
"2023-04-20T00:00:00.000Z";"2023-04-20T23:59:59.999Z";"2023-04-20T01:43:00.000Z";"2023-04-20T17:10:00.000Z";53.092520841;53.4976297184;51.1174277494;51.6725202533;91714168.77;580763985.5;"2023-04-20T23:59:59.999Z"
"2023-04-19T00:00:00.000Z";"2023-04-19T23:59:59.999Z";"2023-04-19T00:00:00.000Z";"2023-04-19T23:25:00.000Z";59.7535271609;59.7535271609;52.7353027773;53.097046847;109631605.91;596702453.11;"2023-04-19T23:59:59.999Z"
"2023-04-18T00:00:00.000Z";"2023-04-18T23:59:59.999Z";"2023-04-18T12:04:00.000Z";"2023-04-18T01:24:00.000Z";58.4631844841;60.2916029627;57.9533120521;59.7665354317;87694162.62;671571983.11;"2023-04-18T23:59:59.999Z"
"2023-04-17T00:00:00.000Z";"2023-04-17T23:59:59.999Z";"2023-04-17T00:02:00.000Z";"2023-04-17T21:33:00.000Z";61.0374775083;61.047216909;58.1702401961;58.4567223386;91286708.75;656775053.44;"2023-04-17T23:59:59.999Z"
"2023-04-16T00:00:00.000Z";"2023-04-16T23:59:59.999Z";"2023-04-16T20:56:00.000Z";"2023-04-16T11:49:00.000Z";59.750387945;61.8828663878;58.5926390911;61.0497783401;100103270.5;685818054.48;"2023-04-16T23:59:59.999Z"
"2023-04-15T00:00:00.000Z";"2023-04-15T23:59:59.999Z";"2023-04-15T02:07:00.000Z";"2023-04-15T21:14:00.000Z";60.0060830049;60.5674328449;58.9624369275;59.7563296394;90249101.3;671212861.2;"2023-04-15T23:59:59.999Z"
"2023-04-14T00:00:00.000Z";"2023-04-14T23:59:59.999Z";"2023-04-14T23:54:00.000Z";"2023-04-14T16:52:00.000Z";57.2947947982;60.0445259855;56.9324039202;60.0072862552;98678988.22;673950683.56;"2023-04-14T23:59:59.999Z"
"2023-04-13T00:00:00.000Z";"2023-04-13T23:59:59.999Z";"2023-04-13T19:16:00.000Z";"2023-04-13T01:11:00.000Z";55.8971447739;57.6577777368;55.5625019445;57.2861447574;81164951.96;643311627.39;"2023-04-13T23:59:59.999Z"
"2023-04-12T00:00:00.000Z";"2023-04-12T23:59:59.999Z";"2023-04-12T00:10:00.000Z";"2023-04-12T03:47:00.000Z";57.0306976008;57.1333450773;54.7252842194;55.958657315;78762266.49;628346731.64;"2023-04-12T23:59:59.999Z"
"2023-04-11T00:00:00.000Z";"2023-04-11T23:59:59.999Z";"2023-04-11T07:32:00.000Z";"2023-04-11T23:34:00.000Z";57.6557072843;58.3127325215;56.9358559255;57.0377358379;87433121.87;640365561.26;"2023-04-11T23:59:59.999Z"
"2023-04-10T00:00:00.000Z";"2023-04-10T23:59:59.999Z";"2023-04-10T23:40:00.000Z";"2023-04-10T02:08:00.000Z";55.7869236458;57.7460894401;55.2143130846;57.648906406;81558402.67;647150174.5;"2023-04-10T23:59:59.999Z"
"2023-04-09T00:00:00.000Z";"2023-04-09T23:59:59.999Z";"2023-04-09T22:35:00.000Z";"2023-04-09T14:32:00.000Z";55.630025589;56.1370796145;54.6704583244;55.7813372044;71869633.29;626108509.6;"2023-04-09T23:59:59.999Z"
"2023-04-08T00:00:00.000Z";"2023-04-08T23:59:59.999Z";"2023-04-08T06:31:00.000Z";"2023-04-08T22:32:00.000Z";56.0653228062;56.438637115;55.4087006176;55.6273617669;67766315.18;624303998.82;"2023-04-08T23:59:59.999Z"
"2023-04-07T00:00:00.000Z";"2023-04-07T23:59:59.999Z";"2023-04-07T01:16:00.000Z";"2023-04-07T11:52:00.000Z";56.5563933228;56.7024479231;55.546499758;56.0697492977;72655539.24;629192612.03;"2023-04-07T23:59:59.999Z"
"2023-04-06T00:00:00.000Z";"2023-04-06T23:59:59.999Z";"2023-04-06T00:01:00.000Z";"2023-04-06T10:51:00.000Z";57.6867760571;57.735554429;56.044054565;56.5480304547;73021896.87;634482194.09;"2023-04-06T23:59:59.999Z"
"2023-04-05T00:00:00.000Z";"2023-04-05T23:59:59.999Z";"2023-04-05T06:10:00.000Z";"2023-04-05T15:09:00.000Z";57.6623757891;58.9380868927;56.8685747696;57.6819624477;85411071.72;647127328.57;"2023-04-05T23:59:59.999Z"
"2023-04-04T00:00:00.000Z";"2023-04-04T23:59:59.999Z";"2023-04-04T14:40:00.000Z";"2023-04-04T04:49:00.000Z";57.8638858423;58.0821219609;56.7202097114;57.6638884241;83522757.39;646845671.85;"2023-04-04T23:59:59.999Z"
"2023-04-03T00:00:00.000Z";"2023-04-03T23:59:59.999Z";"2023-04-03T19:46:00.000Z";"2023-04-03T01:49:00.000Z";57.0966988905;58.8545997713;55.6505584083;57.8640337237;87010465.37;649011127.27;"2023-04-03T23:59:59.999Z"
"2023-04-02T00:00:00.000Z";"2023-04-02T23:59:59.999Z";"2023-04-02T08:20:00.000Z";"2023-04-02T22:23:00.000Z";58.7606016351;59.2762747799;56.2229468624;57.0947651953;88927921.08;640305789.8;"2023-04-02T23:59:59.999Z"
"2023-04-01T00:00:00.000Z";"2023-04-01T23:59:59.999Z";"2023-04-01T04:01:00.000Z";"2023-04-01T16:58:00.000Z";58.4486419795;59.9781885931;58.3098684584;58.5387568078;78184411.93;656433164.76;"2023-04-01T23:59:59.999Z"
"2023-03-31T00:00:00.000Z";"2023-03-31T23:59:59.999Z";"2023-03-31T23:39:00.000Z";"2023-03-31T07:49:00.000Z";56.4783503089;58.5916224499;55.6769655059;58.4428136231;80469497.99;655264983.29;"2023-03-31T23:59:59.999Z"
"2023-03-30T00:00:00.000Z";"2023-03-30T23:59:59.999Z";"2023-03-30T02:46:00.000Z";"2023-03-30T18:10:00.000Z";58.190613672;58.9490490672;55.3850056812;56.469760306;88904951.94;633065772.92;"2023-03-30T23:59:59.999Z"
"2023-03-29T00:00:00.000Z";"2023-03-29T23:59:59.999Z";"2023-03-29T17:35:00.000Z";"2023-03-29T00:04:00.000Z";56.4970466726;58.7714052603;56.4866513601;58.1902898944;87078996.82;652274283.28;"2023-03-29T23:59:59.999Z"
"2023-03-28T00:00:00.000Z";"2023-03-28T23:59:59.999Z";"2023-03-28T20:01:00.000Z";"2023-03-28T10:55:00.000Z";56.1076706563;56.6999658916;54.8290801943;56.5004915239;79909600.01;633256320.67;"2023-03-28T23:59:59.999Z"
"2023-03-27T00:00:00.000Z";"2023-03-27T23:59:59.999Z";"2023-03-27T00:01:00.000Z";"2023-03-27T15:13:00.000Z";59.2618358698;59.2691672221;54.96202205;56.1070128947;100961279.22;628769743.13;"2023-03-27T23:59:59.999Z"
"2023-03-26T00:00:00.000Z";"2023-03-26T23:59:59.999Z";"2023-03-26T14:01:00.000Z";"2023-03-26T00:34:00.000Z";58.2973986685;60.289069325;57.7174315472;59.2608724877;92051753.95;663762145.14;"2023-03-26T23:59:59.999Z"
"2023-03-25T00:00:00.000Z";"2023-03-25T23:59:59.999Z";"2023-03-25T00:10:00.000Z";"2023-03-25T20:09:00.000Z";61.6826828192;62.0874033007;57.7398665333;58.2904680758;98475904.3;652812921.13;"2023-03-25T23:59:59.999Z"
"2023-03-24T00:00:00.000Z";"2023-03-24T23:59:59.999Z";"2023-03-24T05:40:00.000Z";"2023-03-24T18:38:00.000Z";63.6073018184;64.5260911484;60.018714499;61.6735651051;130837188.86;690618645.07;"2023-03-24T23:59:59.999Z"
"2023-03-23T00:00:00.000Z";"2023-03-23T23:59:59.999Z";"2023-03-23T16:55:00.000Z";"2023-03-23T01:52:00.000Z";58.9055215647;64.0022365899;56.0912463256;63.6018382354;183088554.73;712124377.38;"2023-03-23T23:59:59.999Z"
"2023-03-22T00:00:00.000Z";"2023-03-22T23:59:59.999Z";"2023-03-22T23:55:00.000Z";"2023-03-22T20:01:00.000Z";58.694621552;58.9858419045;54.2563687383;58.8979659158;114387631.37;659376569.87;"2023-03-22T23:59:59.999Z"
"2023-03-21T00:00:00.000Z";"2023-03-21T23:59:59.999Z";"2023-03-21T23:57:00.000Z";"2023-03-21T08:26:00.000Z";55.828254074;58.7080176992;54.3900193063;58.7036469878;101838182.75;652827103.74;"2023-03-21T23:59:59.999Z"
"2023-03-20T00:00:00.000Z";"2023-03-20T23:59:59.999Z";"2023-03-20T02:25:00.000Z";"2023-03-20T06:46:00.000Z";57.7422922549;58.9069215455;55.7058884477;55.8182874392;117959494.29;620739814.21;"2023-03-20T23:59:59.999Z"
"2023-03-19T00:00:00.000Z";"2023-03-19T23:59:59.999Z";"2023-03-19T19:31:00.000Z";"2023-03-19T07:13:00.000Z";55.7978972801;58.6113736154;55.5189264163;57.7503641246;89038899.62;642225907.35;"2023-03-19T23:59:59.999Z"
"2023-03-18T00:00:00.000Z";"2023-03-18T23:59:59.999Z";"2023-03-18T04:30:00.000Z";"2023-03-18T23:52:00.000Z";58.2998669069;60.1411204322;55.7465207555;55.7949082824;104517780.5;620479821.04;"2023-03-18T23:59:59.999Z"
"2023-03-17T00:00:00.000Z";"2023-03-17T23:59:59.999Z";"2023-03-17T23:59:00.000Z";"2023-03-17T00:49:00.000Z";53.0961770298;58.3017560178;52.5623025215;58.3017560178;107481672.26;648357784.86;"2023-03-17T23:59:59.999Z"
"2023-03-16T00:00:00.000Z";"2023-03-16T23:59:59.999Z";"2023-03-16T16:55:00.000Z";"2023-03-16T13:22:00.000Z";52.0586140006;53.5887165753;51.8523611667;53.09640807;97456892.74;590470542.77;"2023-03-16T23:59:59.999Z"
"2023-03-15T00:00:00.000Z";"2023-03-15T23:59:59.999Z";"2023-03-15T05:29:00.000Z";"2023-03-15T18:19:00.000Z";58.5146409448;59.499568841;51.1888261791;52.0640514492;127116081.1;578989988.88;"2023-03-15T23:59:59.999Z"
"2023-03-14T00:00:00.000Z";"2023-03-14T23:59:59.999Z";"2023-03-14T15:14:00.000Z";"2023-03-14T09:35:00.000Z";56.4540233654;60.4861483917;54.6909631207;58.5022191072;136910476.35;650587079.71;"2023-03-14T23:59:59.999Z"
"2023-03-13T00:00:00.000Z";"2023-03-13T23:59:59.999Z";"2023-03-13T15:33:00.000Z";"2023-03-13T12:50:00.000Z";53.460722988;57.4606382829;51.5462483317;56.4502374648;152044758.73;627767556.54;"2023-03-13T23:59:59.999Z"
"2023-03-12T00:00:00.000Z";"2023-03-12T23:59:59.999Z";"2023-03-12T23:47:00.000Z";"2023-03-12T12:55:00.000Z";46.6559535976;53.7537925804;45.985247126;53.4408131432;117463299.56;594300576.81;"2023-03-12T23:59:59.999Z"
"2023-03-11T00:00:00.000Z";"2023-03-11T23:59:59.999Z";"2023-03-11T01:58:00.000Z";"2023-03-11T08:10:00.000Z";50.1660632926;51.4136530128;44.5414982046;46.646615305;147796392.41;518744172.32;"2023-03-11T23:59:59.999Z"
"2023-03-10T00:00:00.000Z";"2023-03-10T23:59:59.999Z";"2023-03-10T00:03:00.000Z";"2023-03-10T10:46:00.000Z";54.7146716594;54.7394792456;47.6993959711;50.172598986;152232559.34;557955666.54;"2023-03-10T23:59:59.999Z"
"2023-03-09T00:00:00.000Z";"2023-03-09T23:59:59.999Z";"2023-03-09T14:22:00.000Z";"2023-03-09T23:06:00.000Z";58.2686489588;60.2102978468;53.6720008603;54.7036791714;112071129.18;608344562.39;"2023-03-09T23:59:59.999Z"
"2023-03-08T00:00:00.000Z";"2023-03-08T23:59:59.999Z";"2023-03-08T00:08:00.000Z";"2023-03-08T22:58:00.000Z";62.0132709806;62.3507478884;58.058304862;58.2645589129;102770262.06;647944126.09;"2023-03-08T23:59:59.999Z"
"2023-03-07T00:00:00.000Z";"2023-03-07T23:59:59.999Z";"2023-03-07T03:13:00.000Z";"2023-03-07T22:27:00.000Z";62.4467561021;63.3182914529;60.6448962675;62.0138375813;101603119.53;689638822.41;"2023-03-07T23:59:59.999Z"
"2023-03-06T00:00:00.000Z";"2023-03-06T23:59:59.999Z";"2023-03-06T00:45:00.000Z";"2023-03-06T21:25:00.000Z";65.2234425304;65.722775117;61.5906810593;62.4486818408;130229924.09;694474605.76;"2023-03-06T23:59:59.999Z"
"2023-03-05T00:00:00.000Z";"2023-03-05T23:59:59.999Z";"2023-03-05T01:49:00.000Z";"2023-03-05T23:22:00.000Z";67.3257484804;68.7013072234;64.7384927723;65.2165773742;94104620.14;725255610.3;"2023-03-05T23:59:59.999Z"
"2023-03-04T00:00:00.000Z";"2023-03-04T23:59:59.999Z";"2023-03-04T02:13:00.000Z";"2023-03-04T22:11:00.000Z";69.2287860104;69.8260154581;65.9064142845;67.3123740813;92908794.43;748562388.75;"2023-03-04T23:59:59.999Z"
"2023-03-03T00:00:00.000Z";"2023-03-03T23:59:59.999Z";"2023-03-03T00:03:00.000Z";"2023-03-03T02:01:00.000Z";72.3129615536;72.373244898;67.1914292636;69.2184035199;124417117.2;769758817.62;"2023-03-03T23:59:59.999Z"
"2023-03-02T00:00:00.000Z";"2023-03-02T23:59:59.999Z";"2023-03-02T00:24:00.000Z";"2023-03-02T18:30:00.000Z";74.0126521144;74.3147964569;71.1174418666;72.2971638059;97514790.37;803996863.53;"2023-03-02T23:59:59.999Z"
"2023-03-01T00:00:00.000Z";"2023-03-01T23:59:59.999Z";"2023-03-01T23:53:00.000Z";"2023-03-01T01:00:00.000Z";71.636484797;74.0470136834;71.4225081403;74.0114534115;102481844.2;823061006.49;"2023-03-01T23:59:59.999Z"
"2023-02-28T00:00:00.000Z";"2023-02-28T23:59:59.999Z";"2023-02-28T00:05:00.000Z";"2023-02-28T21:53:00.000Z";74.2165419551;74.4136146901;71.3895063389;71.6346441304;106172795.39;796629164.54;"2023-02-28T23:59:59.999Z"
"2023-02-27T00:00:00.000Z";"2023-02-27T23:59:59.999Z";"2023-02-27T16:05:00.000Z";"2023-02-27T09:01:00.000Z";74.1250750039;74.6526202437;72.2367120275;74.2127808674;123404096.72;825299913.72;"2023-02-27T23:59:59.999Z"
"2023-02-26T00:00:00.000Z";"2023-02-26T23:59:59.999Z";"2023-02-26T23:37:00.000Z";"2023-02-26T00:52:00.000Z";69.394116001;74.4338919477;69.1187836385;74.1215337107;106087138.12;824285179.2;"2023-02-26T23:59:59.999Z"
"2023-02-25T00:00:00.000Z";"2023-02-25T23:59:59.999Z";"2023-02-25T00:10:00.000Z";"2023-02-25T21:23:00.000Z";70.1193921466;70.4240520303;67.3891886646;69.3973045369;93325096.73;771748326.6;"2023-02-25T23:59:59.999Z"
"2023-02-24T00:00:00.000Z";"2023-02-24T23:59:59.999Z";"2023-02-24T01:21:00.000Z";"2023-02-24T16:07:00.000Z";70.9668195013;71.258176533;68.1814741097;70.1147178999;117269430.15;779726483.19;"2023-02-24T23:59:59.999Z"
"2023-02-23T00:00:00.000Z";"2023-02-23T23:59:59.999Z";"2023-02-23T03:04:00.000Z";"2023-02-23T18:07:00.000Z";73.4145465691;73.8560019464;70.5075365536;70.9641057908;102584674.89;789172292.18;"2023-02-23T23:59:59.999Z"
"2023-02-22T00:00:00.000Z";"2023-02-22T23:59:59.999Z";"2023-02-22T23:55:00.000Z";"2023-02-22T09:04:00.000Z";70.4312829377;73.5184056423;68.607131005;73.4156683217;125559319.01;816435444.46;"2023-02-22T23:59:59.999Z"
"2023-02-21T00:00:00.000Z";"2023-02-21T23:59:59.999Z";"2023-02-21T02:40:00.000Z";"2023-02-21T22:07:00.000Z";72.2424895425;72.8945896469;69.3100387027;70.4158931161;117063089.19;783075769.89;"2023-02-21T23:59:59.999Z"
"2023-02-20T00:00:00.000Z";"2023-02-20T23:59:59.999Z";"2023-02-20T11:49:00.000Z";"2023-02-20T00:00:00.000Z";70.5037285531;74.0886283884;70.5037285531;72.2341640398;129089358.36;803296260.47;"2023-02-20T23:59:59.999Z"
"2023-02-19T00:00:00.000Z";"2023-02-19T23:59:59.999Z";"2023-02-19T13:07:00.000Z";"2023-02-19T23:59:00.000Z";72.1590854549;73.1735662386;70.4645181435;70.4645181435;118980999.77;783616515.44;"2023-02-19T23:59:59.999Z"
"2023-02-18T00:00:00.000Z";"2023-02-18T23:59:59.999Z";"2023-02-18T01:26:00.000Z";"2023-02-18T20:54:00.000Z";73.1006755844;75.3359084589;72.0098966604;72.1564466569;114044301.18;802431986.84;"2023-02-18T23:59:59.999Z"
"2023-02-17T00:00:00.000Z";"2023-02-17T23:59:59.999Z";"2023-02-17T00:31:00.000Z";"2023-02-17T16:40:00.000Z";73.2713602469;74.8467152029;71.2695327608;73.0770507342;141699114.65;812669771.45;"2023-02-17T23:59:59.999Z"
"2023-02-16T00:00:00.000Z";"2023-02-16T23:59:59.999Z";"2023-02-16T02:01:00.000Z";"2023-02-16T22:41:00.000Z";73.3545746961;76.896577107;72.2715577841;73.2477043137;171393349.54;814567562.94;"2023-02-16T23:59:59.999Z"
"2023-02-15T00:00:00.000Z";"2023-02-15T23:59:59.999Z";"2023-02-15T23:31:00.000Z";"2023-02-15T00:43:00.000Z";68.1346130432;73.5795260965;67.7944697735;73.3530414981;159461426.72;815738988.78;"2023-02-15T23:59:59.999Z"
"2023-02-14T00:00:00.000Z";"2023-02-14T23:59:59.999Z";"2023-02-14T15:25:00.000Z";"2023-02-14T09:04:00.000Z";63.1954492299;69.1383055202;62.2311165598;68.1145800886;157224635.18;757483501;"2023-02-14T23:59:59.999Z"
"2023-02-13T00:00:00.000Z";"2023-02-13T23:59:59.999Z";"2023-02-13T12:01:00.000Z";"2023-02-13T09:25:00.000Z";62.3822018929;64.0927375958;61.0043739277;63.1994111041;152747651.19;702823259.31;"2023-02-13T23:59:59.999Z"
"2023-02-12T00:00:00.000Z";"2023-02-12T23:59:59.999Z";"2023-02-12T09:58:00.000Z";"2023-02-12T22:16:00.000Z";62.158902134;63.2719552775;61.1167964655;62.3699511429;100161498.63;693599063.34;"2023-02-12T23:59:59.999Z"
"2023-02-11T00:00:00.000Z";"2023-02-11T23:59:59.999Z";"2023-02-11T22:34:00.000Z";"2023-02-11T00:01:00.000Z";57.8483776263;62.5781865152;57.7920576395;62.1697310684;111912504.25;691372470.98;"2023-02-11T23:59:59.999Z"
"2023-02-10T00:00:00.000Z";"2023-02-10T23:59:59.999Z";"2023-02-10T06:40:00.000Z";"2023-02-10T21:46:00.000Z";57.2470306137;58.6143215916;57.1214133628;57.8513165407;107637884.74;643348571.39;"2023-02-10T23:59:59.999Z"
"2023-02-09T00:00:00.000Z";"2023-02-09T23:59:59.999Z";"2023-02-09T01:06:00.000Z";"2023-02-09T22:58:00.000Z";63.8850657772;64.4935785787;56.3789778662;57.2390345681;139277233.97;636539552.06;"2023-02-09T23:59:59.999Z"
"2023-02-08T00:00:00.000Z";"2023-02-08T23:59:59.999Z";"2023-02-08T02:55:00.000Z";"2023-02-08T16:28:00.000Z";65.7640514661;66.44367304;62.8353422837;63.8745398371;110787539.47;710331180.16;"2023-02-08T23:59:59.999Z"
"2023-02-07T00:00:00.000Z";"2023-02-07T23:59:59.999Z";"2023-02-07T13:01:00.000Z";"2023-02-07T00:05:00.000Z";61.8798727497;65.8259851393;61.8446471969;65.7683814127;130009836.48;731392071.17;"2023-02-07T23:59:59.999Z"
"2023-02-06T00:00:00.000Z";"2023-02-06T23:59:59.999Z";"2023-02-06T16:22:00.000Z";"2023-02-06T05:37:00.000Z";59.516997687;63.9892529494;59.3818197527;61.8889129432;127703822.77;688249569.89;"2023-02-06T23:59:59.999Z"
"2023-02-05T00:00:00.000Z";"2023-02-05T23:59:59.999Z";"2023-02-05T00:13:00.000Z";"2023-02-05T21:19:00.000Z";61.4980604358;61.5805285213;58.4957721048;59.5162680554;93226035.36;661864039.01;"2023-02-05T23:59:59.999Z"
"2023-02-04T00:00:00.000Z";"2023-02-04T23:59:59.999Z";"2023-02-04T00:46:00.000Z";"2023-02-04T05:28:00.000Z";62.8658860509;63.19904191;61.3676520116;61.4948984379;77799219.48;683867843;"2023-02-04T23:59:59.999Z"
"2023-02-03T00:00:00.000Z";"2023-02-03T23:59:59.999Z";"2023-02-03T01:38:00.000Z";"2023-02-03T08:11:00.000Z";61.3788052067;64.2427150342;61.1258849925;62.8662720634;115535106.36;699118511.71;"2023-02-03T23:59:59.999Z"
"2023-02-02T00:00:00.000Z";"2023-02-02T23:59:59.999Z";"2023-02-02T01:26:00.000Z";"2023-02-02T22:16:00.000Z";62.9644554476;63.7796416252;60.8635091215;61.3824201058;101373542.57;682617002.43;"2023-02-02T23:59:59.999Z"
"2023-02-01T00:00:00.000Z";"2023-02-01T23:59:59.999Z";"2023-02-01T22:29:00.000Z";"2023-02-01T16:55:00.000Z";60.1291563002;63.4758681662;58.5342159819;62.9698714069;119397685.23;700270611.5;"2023-02-01T23:59:59.999Z"
"2023-01-31T00:00:00.000Z";"2023-01-31T23:59:59.999Z";"2023-01-31T04:28:00.000Z";"2023-01-31T00:42:00.000Z";59.3199049004;62.2205819701;58.9108968488;60.1448435443;140238089.94;668854254.05;"2023-01-31T23:59:59.999Z"
"2023-01-30T00:00:00.000Z";"2023-01-30T23:59:59.999Z";"2023-01-30T12:13:00.000Z";"2023-01-30T10:05:00.000Z";56.8125748547;60.2283822814;55.6401856292;59.3299378955;171579197.19;659791912.58;"2023-01-30T23:59:59.999Z"
"2023-01-29T00:00:00.000Z";"2023-01-29T23:59:59.999Z";"2023-01-29T21:33:00.000Z";"2023-01-29T00:19:00.000Z";50.6704829236;57.8888398672;50.5374220721;56.8114364703;178800290.06;631758632.99;"2023-01-29T23:59:59.999Z"
"2023-01-28T00:00:00.000Z";"2023-01-28T23:59:59.999Z";"2023-01-28T00:46:00.000Z";"2023-01-28T23:05:00.000Z";51.6468289536;52.0634642418;50.282835679;50.6706073754;70107171.26;563402127.31;"2023-01-28T23:59:59.999Z"
"2023-01-27T00:00:00.000Z";"2023-01-27T23:59:59.999Z";"2023-01-27T20:11:00.000Z";"2023-01-27T02:01:00.000Z";50.84841479;52.1175114136;49.923038232;51.6428711297;86485059.16;574141609.71;"2023-01-27T23:59:59.999Z"
"2023-01-26T00:00:00.000Z";"2023-01-26T23:59:59.999Z";"2023-01-26T01:11:00.000Z";"2023-01-26T16:13:00.000Z";50.5560855006;51.0998138278;49.7520001766;50.8486165645;80812281.51;565242574.44;"2023-01-26T23:59:59.999Z"
"2023-01-25T00:00:00.000Z";"2023-01-25T23:59:59.999Z";"2023-01-25T22:10:00.000Z";"2023-01-25T01:31:00.000Z";48.967441491;51.7545430775;48.5684834414;50.5705434659;82158342.55;562082708.3;"2023-01-25T23:59:59.999Z"
"2023-01-24T00:00:00.000Z";"2023-01-24T23:59:59.999Z";"2023-01-24T04:01:00.000Z";"2023-01-24T23:22:00.000Z";51.9981898269;52.8526219872;48.768125275;48.9562816155;86701924.43;543849007.73;"2023-01-24T23:59:59.999Z"
"2023-01-23T00:00:00.000Z";"2023-01-23T23:59:59.999Z";"2023-01-23T12:51:00.000Z";"2023-01-23T00:04:00.000Z";51.4760454053;53.8242330701;51.3986358182;52.0135524447;90241446.18;577740936.7;"2023-01-23T23:59:59.999Z"
"2023-01-22T00:00:00.000Z";"2023-01-22T23:59:59.999Z";"2023-01-22T17:37:00.000Z";"2023-01-22T21:23:00.000Z";52.4676660571;53.1307973624;50.6852430377;51.4815952296;85422402.11;571761661.05;"2023-01-22T23:59:59.999Z"
"2023-01-21T00:00:00.000Z";"2023-01-21T23:59:59.999Z";"2023-01-21T17:16:00.000Z";"2023-01-21T11:19:00.000Z";51.8528936324;53.5825332357;51.2857607469;52.4755600518;98611411.61;582729373.84;"2023-01-21T23:59:59.999Z"
"2023-01-20T00:00:00.000Z";"2023-01-20T23:59:59.999Z";"2023-01-20T21:10:00.000Z";"2023-01-20T00:11:00.000Z";49.0410327619;51.877088206;48.9590460568;51.85006827;90054980.01;575712623.48;"2023-01-20T23:59:59.999Z"
"2023-01-19T00:00:00.000Z";"2023-01-19T23:59:59.999Z";"2023-01-19T23:58:00.000Z";"2023-01-19T00:34:00.000Z";46.9405085897;49.0464365305;46.8816177634;49.0439027667;76417970.75;544488008.39;"2023-01-19T23:59:59.999Z"
"2023-01-18T00:00:00.000Z";"2023-01-18T23:59:59.999Z";"2023-01-18T03:20:00.000Z";"2023-01-18T16:49:00.000Z";49.3517121733;49.9881628622;46.4785819792;46.9485149435;92537869.21;521161258.29;"2023-01-18T23:59:59.999Z"
"2023-01-17T00:00:00.000Z";"2023-01-17T23:59:59.999Z";"2023-01-17T14:25:00.000Z";"2023-01-17T02:19:00.000Z";49.2257809838;50.1283541578;48.6675616413;49.3499220122;88960730.67;547751652.76;"2023-01-17T23:59:59.999Z"
"2023-01-16T00:00:00.000Z";"2023-01-16T23:59:59.999Z";"2023-01-16T02:31:00.000Z";"2023-01-16T15:16:00.000Z";51.6948494687;52.7927110158;48.6165153874;49.2249680806;101185236.02;546297527.24;"2023-01-16T23:59:59.999Z"
"2023-01-15T00:00:00.000Z";"2023-01-15T23:59:59.999Z";"2023-01-15T18:40:00.000Z";"2023-01-15T09:17:00.000Z";51.5781365191;52.2436905659;50.0072881118;51.6950088358;95694026.2;573639388.83;"2023-01-15T23:59:59.999Z"
"2023-01-14T00:00:00.000Z";"2023-01-14T23:59:59.999Z";"2023-01-14T08:49:00.000Z";"2023-01-14T10:31:00.000Z";51.5311951549;54.0470813379;50.6797211298;51.5704561195;117971491.94;572186905.39;"2023-01-14T23:59:59.999Z"
"2023-01-13T00:00:00.000Z";"2023-01-13T23:59:59.999Z";"2023-01-13T21:40:00.000Z";"2023-01-13T01:52:00.000Z";49.3562809244;52.2042041616;48.7448876586;51.5564573992;104343748.2;571961567.97;"2023-01-13T23:59:59.999Z"
"2023-01-12T00:00:00.000Z";"2023-01-12T23:59:59.999Z";"2023-01-12T19:49:00.000Z";"2023-01-12T13:34:00.000Z";49.0391925007;49.8344327563;47.3688398216;49.3564871191;108521411.32;547488313.49;"2023-01-12T23:59:59.999Z"
"2023-01-11T00:00:00.000Z";"2023-01-11T23:59:59.999Z";"2023-01-11T23:56:00.000Z";"2023-01-11T16:08:00.000Z";48.3665556872;49.0615841864;46.7564353061;49.0534591391;88214666.27;544060030.67;"2023-01-11T23:59:59.999Z"
"2023-01-10T00:00:00.000Z";"2023-01-10T23:59:59.999Z";"2023-01-10T01:01:00.000Z";"2023-01-10T13:56:00.000Z";48.943979024;49.5256436058;47.8132504201;48.366943316;77674713.26;536379482.04;"2023-01-10T23:59:59.999Z"
"2023-01-09T00:00:00.000Z";"2023-01-09T23:59:59.999Z";"2023-01-09T17:24:00.000Z";"2023-01-09T00:00:00.000Z";47.7183932444;50.3212983313;47.7183932444;48.939638126;95930506.5;542664378.13;"2023-01-09T23:59:59.999Z"
"2023-01-08T00:00:00.000Z";"2023-01-08T23:59:59.999Z";"2023-01-08T10:17:00.000Z";"2023-01-08T01:48:00.000Z";46.3560600923;47.8352109117;45.8059099588;47.7168386806;67009400.71;529040561.82;"2023-01-08T23:59:59.999Z"
"2023-01-07T00:00:00.000Z";"2023-01-07T23:59:59.999Z";"2023-01-07T08:07:00.000Z";"2023-01-07T00:10:00.000Z";45.9099077066;46.8938464833;45.8608931536;46.3560678661;62719638.11;513891365.13;"2023-01-07T23:59:59.999Z"
"2023-01-06T00:00:00.000Z";"2023-01-06T23:59:59.999Z";"2023-01-06T23:28:00.000Z";"2023-01-06T11:10:00.000Z";44.8955792785;46.0139441442;44.1319324273;45.9269812314;72444346.32;509016501.79;"2023-01-06T23:59:59.999Z"
"2023-01-05T00:00:00.000Z";"2023-01-05T23:59:59.999Z";"2023-01-05T00:28:00.000Z";"2023-01-05T23:44:00.000Z";45.8028408941;46.0740872148;44.855700036;44.8953857291;63070711.18;497576007.45;"2023-01-05T23:59:59.999Z"
"2023-01-04T00:00:00.000Z";"2023-01-04T23:59:59.999Z";"2023-01-04T18:41:00.000Z";"2023-01-04T00:55:00.000Z";42.8901426656;46.2905570891;42.7591904816;45.7994428028;72210862.25;507533071.49;"2023-01-04T23:59:59.999Z"
"2023-01-03T00:00:00.000Z";"2023-01-03T23:59:59.999Z";"2023-01-03T11:43:00.000Z";"2023-01-03T19:41:00.000Z";43.5899042673;43.8784483429;42.3680177067;42.8909723311;68951718.59;475244083.89;"2023-01-03T23:59:59.999Z"
"2023-01-02T00:00:00.000Z";"2023-01-02T23:59:59.999Z";"2023-01-02T22:01:00.000Z";"2023-01-02T01:23:00.000Z";42.2103244312;43.9163928017;41.6660715165;43.5960185625;72125135.21;482997096.44;"2023-01-02T23:59:59.999Z"
"2023-01-01T00:00:00.000Z";"2023-01-01T23:59:59.999Z";"2023-01-01T23:19:00.000Z";"2023-01-01T08:29:00.000Z";42.0143100555;42.307412974;41.3081676336;42.2096956297;53897887.56;467580276.81;"2023-01-01T23:59:59.999Z"
"2022-12-31T00:00:00.000Z";"2022-12-31T23:59:59.999Z";"2022-12-31T14:40:00.000Z";"2022-12-31T06:03:00.000Z";41.9796726907;43.1546786719;41.7309614005;42.0158563076;57472489.1;465375427.08;"2022-12-31T23:59:59.999Z"
"2022-12-30T00:00:00.000Z";"2022-12-30T23:59:59.999Z";"2022-12-30T00:44:00.000Z";"2022-12-30T07:34:00.000Z";42.5960546756;42.6264496378;41.5056282052;41.9827806451;69834246.05;464952163.04;"2022-12-30T23:59:59.999Z"
"2022-12-29T00:00:00.000Z";"2022-12-29T23:59:59.999Z";"2022-12-29T11:16:00.000Z";"2022-12-29T22:13:00.000Z";42.9580526793;43.5661736445;42.0522203875;42.5986809935;60278728.55;471714984.16;"2022-12-29T23:59:59.999Z"
"2022-12-28T00:00:00.000Z";"2022-12-28T23:59:59.999Z";"2022-12-28T00:07:00.000Z";"2022-12-28T06:52:00.000Z";44.0798759592;44.1367295384;42.6423253528;42.95843701;70086233.11;475640922.61;"2022-12-28T23:59:59.999Z"
"2022-12-27T00:00:00.000Z";"2022-12-27T23:59:59.999Z";"2022-12-27T02:49:00.000Z";"2022-12-27T19:22:00.000Z";44.9011997583;45.4358337414;43.6263141437;44.0775475039;66935374.76;487971766.64;"2022-12-27T23:59:59.999Z"
"2022-12-26T00:00:00.000Z";"2022-12-26T23:59:59.999Z";"2022-12-26T05:22:00.000Z";"2022-12-26T00:26:00.000Z";44.5374427376;45.5974604198;44.2784327214;44.8934111674;71038671.74;496941953.13;"2022-12-26T23:59:59.999Z"
"2022-12-25T00:00:00.000Z";"2022-12-25T23:59:59.999Z";"2022-12-25T23:56:00.000Z";"2022-12-25T19:29:00.000Z";43.8521802773;44.5496907988;43.7512354992;44.5452808384;72628008.65;492855947.77;"2022-12-25T23:59:59.999Z"
"2022-12-24T00:00:00.000Z";"2022-12-24T23:59:59.999Z";"2022-12-24T10:19:00.000Z";"2022-12-24T02:14:00.000Z";43.2865791878;44.1599439261;43.1151526074;43.8519740736;45913050.42;485124884.13;"2022-12-24T23:59:59.999Z"
"2022-12-23T00:00:00.000Z";"2022-12-23T23:59:59.999Z";"2022-12-23T23:34:00.000Z";"2022-12-23T08:19:00.000Z";42.7416406642;43.3682413467;42.6388412057;43.2870759251;56570677.39;478817073.74;"2022-12-23T23:59:59.999Z"
"2022-12-22T00:00:00.000Z";"2022-12-22T23:59:59.999Z";"2022-12-22T09:08:00.000Z";"2022-12-22T18:37:00.000Z";42.525675207;43.2955650162;41.5492132564;42.7418253497;66993686.39;472727455.17;"2022-12-22T23:59:59.999Z"
"2022-12-21T00:00:00.000Z";"2022-12-21T23:59:59.999Z";"2022-12-21T14:49:00.000Z";"2022-12-21T05:04:00.000Z";42.1995232493;43.0973956941;41.5185215639;42.519854689;60325725.74;470214593.33;"2022-12-21T23:59:59.999Z"
"2022-12-20T00:00:00.000Z";"2022-12-20T23:59:59.999Z";"2022-12-20T04:44:00.000Z";"2022-12-20T00:16:00.000Z";41.3077637939;42.9583901395;41.1309003269;42.2029431336;59688954.49;466652331.26;"2022-12-20T23:59:59.999Z"
"2022-12-19T00:00:00.000Z";"2022-12-19T23:59:59.999Z";"2022-12-19T09:05:00.000Z";"2022-12-19T22:37:00.000Z";42.5359729316;43.4058024836;40.9931903413;41.3079736801;55862547.12;456699735.3;"2022-12-19T23:59:59.999Z"
"2022-12-18T00:00:00.000Z";"2022-12-18T23:59:59.999Z";"2022-12-18T04:34:00.000Z";"2022-12-18T11:22:00.000Z";43.1536602029;43.2850421941;42.3180512021;42.5332589583;52751212.14;470188900.81;"2022-12-18T23:59:59.999Z"
"2022-12-17T00:00:00.000Z";"2022-12-17T23:59:59.999Z";"2022-12-17T00:32:00.000Z";"2022-12-17T06:28:00.000Z";43.3519709961;43.724352063;41.6587933751;43.1514575733;69717147.4;476963602.48;"2022-12-17T23:59:59.999Z"
"2022-12-16T00:00:00.000Z";"2022-12-16T23:59:59.999Z";"2022-12-16T01:19:00.000Z";"2022-12-16T23:23:00.000Z";46.5461826044;47.127607104;42.9359130167;43.3486445944;78084927.26;479084287.55;"2022-12-16T23:59:59.999Z"
"2022-12-15T00:00:00.000Z";"2022-12-15T23:59:59.999Z";"2022-12-15T06:22:00.000Z";"2022-12-15T23:43:00.000Z";48.8360255429;48.9428939802;46.4318172196;46.5459933115;74286852.95;514357391.67;"2022-12-15T23:59:59.999Z"
"2022-12-14T00:00:00.000Z";"2022-12-14T23:59:59.999Z";"2022-12-14T20:15:00.000Z";"2022-12-15T01:56:00.000Z";48.2580143382;49.7837643281;47.6775334014;47.7021728484;83289115.83;527074450.07;"2022-12-14T23:59:59.999Z"
"2022-12-13T00:00:00.000Z";"2022-12-13T23:59:59.999Z";"2022-12-13T14:08:00.000Z";"2022-12-13T07:44:00.000Z";48.8593619509;49.8115723521;47.2792704825;48.2550992685;101144867.22;533113310.66;"2022-12-13T23:59:59.999Z"
"2022-12-12T00:00:00.000Z";"2022-12-12T23:59:59.999Z";"2022-12-12T21:32:00.000Z";"2022-12-12T03:19:00.000Z";46.6677930634;49.2051758415;44.9379602228;48.8644580928;108848299.21;539778909.22;"2022-12-12T23:59:59.999Z"
"2022-12-11T00:00:00.000Z";"2022-12-11T23:59:59.999Z";"2022-12-11T03:07:00.000Z";"2022-12-11T00:10:00.000Z";46.5615773105;47.6456240011;46.5290472895;46.668195552;62251888.55;515453575.46;"2022-12-11T23:59:59.999Z"
"2022-12-10T00:00:00.000Z";"2022-12-10T23:59:59.999Z";"2022-12-10T14:10:00.000Z";"2022-12-10T06:58:00.000Z";46.6180783342;47.8597189563;46.3475027545;46.5571243678;67245699.02;514163210.19;"2022-12-10T23:59:59.999Z"
"2022-12-09T00:00:00.000Z";"2022-12-09T23:59:59.999Z";"2022-12-09T13:23:00.000Z";"2022-12-09T01:06:00.000Z";45.1939769003;47.2889133566;44.6696083893;46.6161563588;83822603.95;514751601.46;"2022-12-09T23:59:59.999Z"
"2022-12-08T00:00:00.000Z";"2022-12-08T23:59:59.999Z";"2022-12-08T23:47:00.000Z";"2022-12-08T01:46:00.000Z";44.1058010541;45.2719814884;43.5861584208;45.1987043711;76213125.62;499038451.07;"2022-12-08T23:59:59.999Z"
"2022-12-07T00:00:00.000Z";"2022-12-07T23:59:59.999Z";"2022-12-07T05:55:00.000Z";"2022-12-07T20:04:00.000Z";46.3121863145;47.6015825055;43.9639101648;44.1045230256;93922633.48;486897927.19;"2022-12-07T23:59:59.999Z"
"2022-12-06T00:00:00.000Z";"2022-12-06T23:59:59.999Z";"2022-12-06T03:07:00.000Z";"2022-12-06T18:35:00.000Z";47.0232490247;47.8959043093;45.565822209;46.3117279924;74476143.66;511201197.62;"2022-12-06T23:59:59.999Z"
"2022-12-05T00:00:00.000Z";"2022-12-05T23:59:59.999Z";"2022-12-05T08:28:00.000Z";"2022-12-05T00:10:00.000Z";44.8228359959;47.8802010195;44.6864522965;47.0245763521;92022367.34;519006342.26;"2022-12-05T23:59:59.999Z"
"2022-12-04T00:00:00.000Z";"2022-12-04T23:59:59.999Z";"2022-12-04T01:28:00.000Z";"2022-12-04T11:44:00.000Z";45.0493794306;45.5167988931;44.2610825478;44.8319431934;57724923.04;494745435.05;"2022-12-04T23:59:59.999Z"
"2022-12-03T00:00:00.000Z";"2022-12-03T23:59:59.999Z";"2022-12-03T01:01:00.000Z";"2022-12-03T09:45:00.000Z";45.7048169462;46.2484531877;44.8067220889;45.0512622814;65946244.91;497103887.31;"2022-12-03T23:59:59.999Z"
"2022-12-02T00:00:00.000Z";"2022-12-02T23:59:59.999Z";"2022-12-02T17:28:00.000Z";"2022-12-02T04:13:00.000Z";45.4729700866;46.2173130568;44.4918003962;45.6973065268;71128160.62;504169828.7;"2022-12-02T23:59:59.999Z"